Team_Slug,Team,Data_Collected_At,Role,Name,Transfermarkt_National_Team_Id,Transfermarkt_Player_Id,Age,Position,Market_Value_EUR
agypten,Ägypten,2026-06-03,Coach,Hossam Hassan,3672,,,Coach,
agypten,Ägypten,2026-06-03,Player,Mohamed Elshenawy,3672,134573,,Goalkeeper,
agypten,Ägypten,2026-06-03,Player,Yasser Ibrahim,3672,237425,,Defender,
agypten,Ägypten,2026-06-03,Player,Mohamed Hany,3672,343974,,Defender,
agypten,Ägypten,2026-06-03,Player,Hossam Abdelmaguid,3672,737524,,Defender,
agypten,Ägypten,2026-06-03,Player,Ramy Rabia,3672,172623,,Defender,
agypten,Ägypten,2026-06-03,Player,Mohamed Abdelmoneim,3672,566025,,Defender,
agypten,Ägypten,2026-06-03,Player,Trezeguet,3672,234189,,Attack,
agypten,Ägypten,2026-06-03,Player,Emam Ashour,3672,604008,,Midfield,
agypten,Ägypten,2026-06-03,Player,Hamza Abdelkarim,3672,,,Attack,
agypten,Ägypten,2026-06-03,Player,Mohamed Salah,3672,148455,,Attack,
agypten,Ägypten,2026-06-03,Player,Mostafa Zico,3672,,,Midfield,
agypten,Ägypten,2026-06-03,Player,Haissem Hassan,3672,620164,,Attack,
agypten,Ägypten,2026-06-03,Player,Ahmed Fatouh,3672,465966,,Defender,
agypten,Ägypten,2026-06-03,Player,Hamdy Fathy,3672,340303,,Midfield,
agypten,Ägypten,2026-06-03,Player,Karim Hafez,3672,333004,,Defender,
agypten,Ägypten,2026-06-03,Player,Mahdy Soliman,3672,,,Goalkeeper,
agypten,Ägypten,2026-06-03,Player,Mohanad Lashin,3672,,,Midfield,
agypten,Ägypten,2026-06-03,Player,Nabil Dunga,3672,479683,,Midfield,
agypten,Ägypten,2026-06-03,Player,Marawan Attia,3672,,,Midfield,
agypten,Ägypten,2026-06-03,Player,Ibrahim Adel,3672,677278,,Attack,
agypten,Ägypten,2026-06-03,Player,Mahmoud Saber,3672,729390,,Midfield,
agypten,Ägypten,2026-06-03,Player,Omar Marmoush,3672,445939,,Attack,
agypten,Ägypten,2026-06-03,Player,Mostafa Shoubir,3672,,,Goalkeeper,
agypten,Ägypten,2026-06-03,Player,Tarek Alaa,3672,,,Defender,
agypten,Ägypten,2026-06-03,Player,Zizo,3672,320722,,Attack,
agypten,Ägypten,2026-06-03,Player,Mohamed Alaa,3672,,,Goalkeeper,
algerien,Algerien,2026-06-03,Coach,Vladimir Petkovic,3614,,,Coach,
algerien,Algerien,2026-06-03,Player,Melvin Mastil,3614,,,Goalkeeper,
algerien,Algerien,2026-06-03,Player,Aissa Mandi,3614,80293,,Defender,
algerien,Algerien,2026-06-03,Player,Achref Abada,3614,949929,,Defender,
algerien,Algerien,2026-06-03,Player,Mohamed Amine Tougai,3614,592396,,Defender,
algerien,Algerien,2026-06-03,Player,Zineddine Belaid,3614,625142,,Defender,
algerien,Algerien,2026-06-03,Player,Ramiz Zerrouki,3614,416660,,Midfield,
algerien,Algerien,2026-06-03,Player,Riyad Mahrez,3614,171424,,Attack,
algerien,Algerien,2026-06-03,Player,Houssem Aouar,3614,395693,,Midfield,
algerien,Algerien,2026-06-03,Player,Amine Gouiri,3614,418659,,Attack,
algerien,Algerien,2026-06-03,Player,Fares Chaibi,3614,855015,,Midfield,
algerien,Algerien,2026-06-03,Player,Anis Hadj Moussa,3614,917911,,Attack,
algerien,Algerien,2026-06-03,Player,Nadhir Benbouali,3614,840254,,Attack,
algerien,Algerien,2026-06-03,Player,Jaouen Hadjam,3614,750903,,Defender,
algerien,Algerien,2026-06-03,Player,Hicham Boudaoui,3614,560593,,Midfield,
algerien,Algerien,2026-06-03,Player,Rayan Ait-Nouri,3614,578391,,Defender,
algerien,Algerien,2026-06-03,Player,Oussama Benbot,3614,437982,,Goalkeeper,
algerien,Algerien,2026-06-03,Player,Rafik Belghali,3614,864306,,Defender,
algerien,Algerien,2026-06-03,Player,Mohamed Amoura,3614,746910,,Attack,
algerien,Algerien,2026-06-03,Player,Nabil Bentaleb,3614,245537,,Midfield,
algerien,Algerien,2026-06-03,Player,Adil Boulbina,3614,748443,,Attack,
algerien,Algerien,2026-06-03,Player,Ramy Bensebaini,3614,284732,,Defender,
algerien,Algerien,2026-06-03,Player,Ibrahim Maza,3614,905011,,Midfield,
algerien,Algerien,2026-06-03,Player,Luca Zidane,3614,283489,,Goalkeeper,
algerien,Algerien,2026-06-03,Player,Yassine Titraoui,3614,748445,,Midfield,
algerien,Algerien,2026-06-03,Player,Fares Ghedjemis,3614,888738,,Attack,
algerien,Algerien,2026-06-03,Player,Samir Chergui,3614,668167,,Defender,
argentinien,Argentinien,2026-06-03,Coach,Lionel Scaloni,3437,,,Coach,
argentinien,Argentinien,2026-06-03,Player,Juan Musso,3437,242359,,Goalkeeper,
argentinien,Argentinien,2026-06-03,Player,Leonardo Balerdi,3437,575998,,Defender,
argentinien,Argentinien,2026-06-03,Player,Nicolas Tagliafico,3437,131225,,Defender,
argentinien,Argentinien,2026-06-03,Player,Gonzalo Montiel,3437,402733,,Defender,
argentinien,Argentinien,2026-06-03,Player,Leandro Paredes,3437,166237,,Midfield,
argentinien,Argentinien,2026-06-03,Player,Lisandro Martinez,3437,480762,,Defender,
argentinien,Argentinien,2026-06-03,Player,Rodrigo De Paul,3437,255901,,Midfield,
argentinien,Argentinien,2026-06-03,Player,Valentin Barco,3437,849410,,Midfield,
argentinien,Argentinien,2026-06-03,Player,Julian Alvarez,3437,576024,,Attack,
argentinien,Argentinien,2026-06-03,Player,Lionel Messi,3437,28003,,Attack,
argentinien,Argentinien,2026-06-03,Player,Giovani Lo Celso,3437,348795,,Midfield,
argentinien,Argentinien,2026-06-03,Player,Geronimo Rulli,3437,229604,,Goalkeeper,
argentinien,Argentinien,2026-06-03,Player,Cristian Romero,3437,355915,,Defender,
argentinien,Argentinien,2026-06-03,Player,Exequiel Palacios,3437,401578,,Midfield,
argentinien,Argentinien,2026-06-03,Player,Nico Gonzalez,3437,486031,,Midfield,
argentinien,Argentinien,2026-06-03,Player,Thiago Almada,3437,576028,,Attack,
argentinien,Argentinien,2026-06-03,Player,Giuliano Simeone,3437,742201,,Attack,
argentinien,Argentinien,2026-06-03,Player,Nico Paz,3437,948294,,Attack,
argentinien,Argentinien,2026-06-03,Player,Nicolas Otamendi,3437,54781,,Defender,
argentinien,Argentinien,2026-06-03,Player,Alexis Mac Allister,3437,534033,,Midfield,
argentinien,Argentinien,2026-06-03,Player,Jose Manuel Lopez,3437,844797,,Attack,
argentinien,Argentinien,2026-06-03,Player,Lautaro Martinez,3437,406625,,Attack,
argentinien,Argentinien,2026-06-03,Player,Emiliano Martínez,3437,111873,,Goalkeeper,
argentinien,Argentinien,2026-06-03,Player,Enzo Fernandez,3437,648195,,Midfield,
argentinien,Argentinien,2026-06-03,Player,Facundo Medina,3437,474800,,Defender,
argentinien,Argentinien,2026-06-03,Player,Nahuel Molina,3437,424042,,Defender,
australien,Australien,2026-06-03,Coach,Tony Popovic,3433,,,Coach,
australien,Australien,2026-06-03,Player,Mathew Ryan,3433,128969,,Goalkeeper,
australien,Australien,2026-06-03,Player,Milos Degenek,3433,187353,,Defender,
australien,Australien,2026-06-03,Player,Alessandro Circati,3433,867137,,Defender,
australien,Australien,2026-06-03,Player,Jacob Italiano,3433,545810,,Defender,
australien,Australien,2026-06-03,Player,Jordan Bos,3433,855731,,Defender,
australien,Australien,2026-06-03,Player,Jason Geria,3433,185175,,Defender,
australien,Australien,2026-06-03,Player,Mathew Leckie,3433,126214,,Attack,
australien,Australien,2026-06-03,Player,Connor Metcalfe,3433,522223,,Midfield,
australien,Australien,2026-06-03,Player,Mohamed Toure,3433,742770,,Attack,
australien,Australien,2026-06-03,Player,Ajdin Hrustic,3433,265625,,Attack,
australien,Australien,2026-06-03,Player,Awer Mabil,3433,255729,,Attack,
australien,Australien,2026-06-03,Player,Paul Izzo,3433,181921,,Goalkeeper,
australien,Australien,2026-06-03,Player,Aiden O'Neill,3433,385918,,Midfield,
australien,Australien,2026-06-03,Player,Cameron Devlin,3433,399162,,Midfield,
australien,Australien,2026-06-03,Player,Kai Trewin,3433,691326,,Defender,
australien,Australien,2026-06-03,Player,Aziz Behich,3433,136834,,Defender,
australien,Australien,2026-06-03,Player,Nestory Irankunda,3433,956920,,Attack,
australien,Australien,2026-06-03,Player,Patrick Beach,3433,983578,,Goalkeeper,
australien,Australien,2026-06-03,Player,Harry Souttar,3433,298091,,Defender,
australien,Australien,2026-06-03,Player,Cristian Volpato,3433,746891,,Attack,
australien,Australien,2026-06-03,Player,Cameron Burgess,3433,255788,,Defender,
australien,Australien,2026-06-03,Player,Jackson Irvine,3433,192557,,Midfield,
australien,Australien,2026-06-03,Player,Nishan Velupillay,3433,888140,,Attack,
australien,Australien,2026-06-03,Player,Paul Okon-Engstler,3433,1064377,,Midfield,
australien,Australien,2026-06-03,Player,Lucas Herrington,3433,1279984,,Defender,
australien,Australien,2026-06-03,Player,Tete Yengi,3433,849429,,Attack,
belgien,Belgien,2026-06-03,Coach,Rudi Garcia,3382,,,Coach,
belgien,Belgien,2026-06-03,Player,Thibaut Courtois,3382,108390,,Goalkeeper,
belgien,Belgien,2026-06-03,Player,Zeno Debast,3382,548193,,Defender,
belgien,Belgien,2026-06-03,Player,Arthur Theate,3382,368891,,Defender,
belgien,Belgien,2026-06-03,Player,Brandon Mechele,3382,236168,,Defender,
belgien,Belgien,2026-06-03,Player,Maxim De Cuyper,3382,429915,,Defender,
belgien,Belgien,2026-06-03,Player,Axel Witsel,3382,35047,,Midfield,
belgien,Belgien,2026-06-03,Player,Kevin De Bruyne,3382,88755,,Midfield,
belgien,Belgien,2026-06-03,Player,Youri Tielemans,3382,249565,,Midfield,
belgien,Belgien,2026-06-03,Player,Romelu Lukaku,3382,96341,,Attack,
belgien,Belgien,2026-06-03,Player,Leandro Trossard,3382,144028,,Attack,
belgien,Belgien,2026-06-03,Player,Jeremy Doku,3382,486049,,Attack,
belgien,Belgien,2026-06-03,Player,Senne Lammens,3382,503883,,Goalkeeper,
belgien,Belgien,2026-06-03,Player,Mike Penders,3382,834397,,Goalkeeper,
belgien,Belgien,2026-06-03,Player,Dodi Lukebakio,3382,303259,,Attack,
belgien,Belgien,2026-06-03,Player,Thomas Meunier,3382,100986,,Defender,
belgien,Belgien,2026-06-03,Player,Koni De Winter,3382,490384,,Defender,
belgien,Belgien,2026-06-03,Player,Charles De Ketelaere,3382,435772,,Attack,
belgien,Belgien,2026-06-03,Player,Joaquin Seys,3382,981196,,Defender,
belgien,Belgien,2026-06-03,Player,Diego Moreira,3382,655006,,Midfield,
belgien,Belgien,2026-06-03,Player,Hans Vanaken,3382,137576,,Midfield,
belgien,Belgien,2026-06-03,Player,Timothy Castagne,3382,262226,,Defender,
belgien,Belgien,2026-06-03,Player,Alexis Saelemaekers,3382,381950,,Midfield,
belgien,Belgien,2026-06-03,Player,Nicolas Raskin,3382,422763,,Midfield,
belgien,Belgien,2026-06-03,Player,Amadou Onana,3382,485706,,Midfield,
belgien,Belgien,2026-06-03,Player,Nathan Ngoy,3382,548254,,Defender,
belgien,Belgien,2026-06-03,Player,Matias Fernandez-Pardo,3382,724129,,Attack,
bosnien-herzegowina,Bosnien-Herzegowina,2026-06-03,Coach,Sergej Barbarez,3446,,,Coach,
bosnien-herzegowina,Bosnien-Herzegowina,2026-06-03,Player,Nikola Vasilj,3446,248454,,Goalkeeper,
bosnien-herzegowina,Bosnien-Herzegowina,2026-06-03,Player,Nihad Mujakic,3446,380919,,Defender,
bosnien-herzegowina,Bosnien-Herzegowina,2026-06-03,Player,Dennis Hadzikadunic,3446,322065,,Defender,
bosnien-herzegowina,Bosnien-Herzegowina,2026-06-03,Player,Tarik Muharemovic,3446,679423,,Defender,
bosnien-herzegowina,Bosnien-Herzegowina,2026-06-03,Player,Sead Kolasinac,3446,94005,,Defender,
bosnien-herzegowina,Bosnien-Herzegowina,2026-06-03,Player,Benjamin Tahirovic,3446,787907,,Midfield,
bosnien-herzegowina,Bosnien-Herzegowina,2026-06-03,Player,Amar Dedic,3446,519184,,Defender,
bosnien-herzegowina,Bosnien-Herzegowina,2026-06-03,Player,Armin Gigovic,3446,651269,,Midfield,
bosnien-herzegowina,Bosnien-Herzegowina,2026-06-03,Player,Samed Bazdar,3446,710969,,Attack,
bosnien-herzegowina,Bosnien-Herzegowina,2026-06-03,Player,Ermedin Demirovic,3446,335457,,Attack,
bosnien-herzegowina,Bosnien-Herzegowina,2026-06-03,Player,Edin Dzeko,3446,28396,,Attack,
bosnien-herzegowina,Bosnien-Herzegowina,2026-06-03,Player,Mladen Jurkas,3446,,,Goalkeeper,
bosnien-herzegowina,Bosnien-Herzegowina,2026-06-03,Player,Ivan Basic,3446,620560,,Midfield,
bosnien-herzegowina,Bosnien-Herzegowina,2026-06-03,Player,Ivan Sunjic,3446,226097,,Midfield,
bosnien-herzegowina,Bosnien-Herzegowina,2026-06-03,Player,Amar Memic,3446,638990,,Midfield,
bosnien-herzegowina,Bosnien-Herzegowina,2026-06-03,Player,Amir Hadziahmetovic,3446,293213,,Midfield,
bosnien-herzegowina,Bosnien-Herzegowina,2026-06-03,Player,Dzenis Burnic,3446,251295,,Midfield,
bosnien-herzegowina,Bosnien-Herzegowina,2026-06-03,Player,Nikola Katic,3446,422051,,Defender,
bosnien-herzegowina,Bosnien-Herzegowina,2026-06-03,Player,Kerim Alajbegovic,3446,929994,,Attack,
bosnien-herzegowina,Bosnien-Herzegowina,2026-06-03,Player,Esmir Bajraktarevic,3446,925862,,Attack,
bosnien-herzegowina,Bosnien-Herzegowina,2026-06-03,Player,Stjepan Radeljic,3446,384568,,Defender,
bosnien-herzegowina,Bosnien-Herzegowina,2026-06-03,Player,Martin Zlomislic,3446,495320,,Goalkeeper,
bosnien-herzegowina,Bosnien-Herzegowina,2026-06-03,Player,Haris Tabakovic,3446,203123,,Attack,
bosnien-herzegowina,Bosnien-Herzegowina,2026-06-03,Player,Nidal Celik,3446,819566,,Defender,
bosnien-herzegowina,Bosnien-Herzegowina,2026-06-03,Player,Jovo Lukic,3446,457738,,Attack,
bosnien-herzegowina,Bosnien-Herzegowina,2026-06-03,Player,Ermin Mahmic,3446,803049,,Midfield,
brasilien,Brasilien,2026-06-03,Coach,Carlo Ancelotti,3439,,,Coach,
brasilien,Brasilien,2026-06-03,Player,Alisson,3439,105470,,Goalkeeper,
brasilien,Brasilien,2026-06-03,Player,Wesley,3439,964580,,Defender,
brasilien,Brasilien,2026-06-03,Player,Gabriel Magalhaes,3439,435338,,Defender,
brasilien,Brasilien,2026-06-03,Player,Marquinhos,3439,181767,,Defender,
brasilien,Brasilien,2026-06-03,Player,Casemiro,3439,16306,,Midfield,
brasilien,Brasilien,2026-06-03,Player,Alex Sandro,3439,79960,,Defender,
brasilien,Brasilien,2026-06-03,Player,Vinicius Junior,3439,371998,,Attack,
brasilien,Brasilien,2026-06-03,Player,Bruno Guimaraes,3439,520624,,Midfield,
brasilien,Brasilien,2026-06-03,Player,Matheus Cunha,3439,517894,,Attack,
brasilien,Brasilien,2026-06-03,Player,Neymar Jr,3439,68290,,Attack,
brasilien,Brasilien,2026-06-03,Player,Raphinha,3439,411295,,Attack,
brasilien,Brasilien,2026-06-03,Player,Weverton,3439,69400,,Goalkeeper,
brasilien,Brasilien,2026-06-03,Player,Danilo,3439,145707,,Defender,
brasilien,Brasilien,2026-06-03,Player,Bremer,3439,516716,,Defender,
brasilien,Brasilien,2026-06-03,Player,Leo Pereira,3439,288431,,Defender,
brasilien,Brasilien,2026-06-03,Player,Douglas Santos,3439,220793,,Defender,
brasilien,Brasilien,2026-06-03,Player,Fabinho,3439,225693,,Midfield,
brasilien,Brasilien,2026-06-03,Player,Danilo Santos,3439,808509,,Midfield,
brasilien,Brasilien,2026-06-03,Player,Endrick,3439,971570,,Attack,
brasilien,Brasilien,2026-06-03,Player,Lucas Paqueta,3439,444523,,Midfield,
brasilien,Brasilien,2026-06-03,Player,Luiz Henrique,3439,800175,,Attack,
brasilien,Brasilien,2026-06-03,Player,Gabriel Martinelli,3439,655488,,Attack,
brasilien,Brasilien,2026-06-03,Player,Ederson,3439,238223,,Goalkeeper,
brasilien,Brasilien,2026-06-03,Player,Roger Ibanez,3439,524481,,Defender,
brasilien,Brasilien,2026-06-03,Player,Igor Thiago,3439,739443,,Attack,
brasilien,Brasilien,2026-06-03,Player,Rayan,3439,1012564,,Attack,
curacao,Curaçao,2026-06-03,Coach,Dick Advocaat,,,,Coach,
curacao,Curaçao,2026-06-03,Player,Eloy Room,,79294,,Goalkeeper,
curacao,Curaçao,2026-06-03,Player,Shurandy Sambo,,412937,,Defender,
curacao,Curaçao,2026-06-03,Player,Jurien Gaari,,328455,,Defender,
curacao,Curaçao,2026-06-03,Player,Roshon van Eijma,,401029,,Defender,
curacao,Curaçao,2026-06-03,Player,Sherel Floranus,,315211,,Defender,
curacao,Curaçao,2026-06-03,Player,Godfried Roemeratoe,,393241,,Midfield,
curacao,Curaçao,2026-06-03,Player,Juninho Bacuna,,348863,,Midfield,
curacao,Curaçao,2026-06-03,Player,Livano Comenencia,,626764,,Midfield,
curacao,Curaçao,2026-06-03,Player,Juergen Locadia,,166240,,Attack,
curacao,Curaçao,2026-06-03,Player,Leandro Bacuna,,126014,,Midfield,
curacao,Curaçao,2026-06-03,Player,Jeremy Antonisse,,594273,,Attack,
curacao,Curaçao,2026-06-03,Player,Sontje Hansen,,485582,,Attack,
curacao,Curaçao,2026-06-03,Player,Tyrese Noslin,,708005,,Attack,
curacao,Curaçao,2026-06-03,Player,Kenji Gorre,,374889,,Attack,
curacao,Curaçao,2026-06-03,Player,Arjany Martha,,572519,,Midfield,
curacao,Curaçao,2026-06-03,Player,Jearl Margaritha,,,,Attack,
curacao,Curaçao,2026-06-03,Player,Brandley Kuwas,,232219,,Attack,
curacao,Curaçao,2026-06-03,Player,Armando Obispo,,339337,,Defender,
curacao,Curaçao,2026-06-03,Player,Gervane Kastaneer,,240752,,Attack,
curacao,Curaçao,2026-06-03,Player,Joshua Brenet,,207006,,Defender,
curacao,Curaçao,2026-06-03,Player,Tahith Chong,,344830,,Midfield,
curacao,Curaçao,2026-06-03,Player,Kevin Felida,,433933,,Midfield,
curacao,Curaçao,2026-06-03,Player,Riechedly Bazoer,,216443,,Defender,
curacao,Curaçao,2026-06-03,Player,Deveron Fonville,,708989,,Defender,
curacao,Curaçao,2026-06-03,Player,Tyrick Bodak,,663961,,Goalkeeper,
curacao,Curaçao,2026-06-03,Player,Trevor Doornbusch,,390814,,Goalkeeper,
deutschland,Deutschland,2026-06-03,Coach,Julian Nagelsmann,3262,,,Coach,
deutschland,Deutschland,2026-06-03,Player,Manuel Neuer,3262,17259,,Goalkeeper,
deutschland,Deutschland,2026-06-03,Player,Antonio Ruediger,3262,86202,,Defender,
deutschland,Deutschland,2026-06-03,Player,Waldemar Anton,3262,193004,,Defender,
deutschland,Deutschland,2026-06-03,Player,Jonathan Tah,3262,196357,,Defender,
deutschland,Deutschland,2026-06-03,Player,Aleksandar Pavlovic,3262,792380,,Midfield,
deutschland,Deutschland,2026-06-03,Player,Joshua Kimmich,3262,161056,,Defender,
deutschland,Deutschland,2026-06-03,Player,Kai Havertz,3262,309400,,Attack,
deutschland,Deutschland,2026-06-03,Player,Leon Goretzka,3262,153084,,Midfield,
deutschland,Deutschland,2026-06-03,Player,Jamie Leweling,3262,518505,,Midfield,
deutschland,Deutschland,2026-06-03,Player,Jamal Musiala,3262,580195,,Midfield,
deutschland,Deutschland,2026-06-03,Player,Nick Woltemade,3262,455661,,Attack,
deutschland,Deutschland,2026-06-03,Player,Oliver Baumann,3262,55089,,Goalkeeper,
deutschland,Deutschland,2026-06-03,Player,Pascal Gross,3262,82873,,Midfield,
deutschland,Deutschland,2026-06-03,Player,Maximilian Beier,3262,578392,,Attack,
deutschland,Deutschland,2026-06-03,Player,Nico Schlotterbeck,3262,388198,,Defender,
deutschland,Deutschland,2026-06-03,Player,Angelo Stiller,3262,443710,,Midfield,
deutschland,Deutschland,2026-06-03,Player,Florian Wirtz,3262,598577,,Midfield,
deutschland,Deutschland,2026-06-03,Player,Nathaniel Brown,3262,691892,,Defender,
deutschland,Deutschland,2026-06-03,Player,Leroy Sane,3262,192565,,Midfield,
deutschland,Deutschland,2026-06-03,Player,Nadiem Amiri,3262,232454,,Midfield,
deutschland,Deutschland,2026-06-03,Player,Alexander Nuebel,3262,195778,,Goalkeeper,
deutschland,Deutschland,2026-06-03,Player,David Raum,3262,318204,,Defender,
deutschland,Deutschland,2026-06-03,Player,Felix Nmecha,3262,406640,,Midfield,
deutschland,Deutschland,2026-06-03,Player,Malick Thiaw,3262,521964,,Defender,
deutschland,Deutschland,2026-06-03,Player,Lennart Karl,3262,1075147,,Midfield,
deutschland,Deutschland,2026-06-03,Player,Deniz Undav,3262,339314,,Attack,
dr-kongo,DR Kongo,2026-06-03,Coach,Sebastien Desabre,,,,Coach,
dr-kongo,DR Kongo,2026-06-03,Player,Lionel Mpasi,,164915,,Goalkeeper,
dr-kongo,DR Kongo,2026-06-03,Player,Aaron Wan-Bissaka,,477758,,Defender,
dr-kongo,DR Kongo,2026-06-03,Player,Steve Kapuadi,,679709,,Defender,
dr-kongo,DR Kongo,2026-06-03,Player,Axel Tuanzebe,,342046,,Defender,
dr-kongo,DR Kongo,2026-06-03,Player,Dylan Batubinsika,,289432,,Defender,
dr-kongo,DR Kongo,2026-06-03,Player,Ngalayel Mukau,,1016015,,Midfield,
dr-kongo,DR Kongo,2026-06-03,Player,Nathanael Mbuku,,557614,,Midfield,
dr-kongo,DR Kongo,2026-06-03,Player,Samuel Moutoussamy,,353403,,Midfield,
dr-kongo,DR Kongo,2026-06-03,Player,Brian Cipenga,,,,Attack,
dr-kongo,DR Kongo,2026-06-03,Player,Theo Bongonda,,280701,,Midfield,
dr-kongo,DR Kongo,2026-06-03,Player,Gael Kakuta,,74297,,Attack,
dr-kongo,DR Kongo,2026-06-03,Player,Joris Kayembe,,129586,,Defender,
dr-kongo,DR Kongo,2026-06-03,Player,Meschack Elia,,423678,,Attack,
dr-kongo,DR Kongo,2026-06-03,Player,Noah Sadiki,,727089,,Midfield,
dr-kongo,DR Kongo,2026-06-03,Player,Aaron Tshibola,,243633,,Midfield,
dr-kongo,DR Kongo,2026-06-03,Player,Timothy Fayulu,,541420,,Goalkeeper,
dr-kongo,DR Kongo,2026-06-03,Player,Cedric Bakambu,,127048,,Attack,
dr-kongo,DR Kongo,2026-06-03,Player,Charles Pickel,,243879,,Midfield,
dr-kongo,DR Kongo,2026-06-03,Player,Fiston Mayele,,,,Attack,
dr-kongo,DR Kongo,2026-06-03,Player,Yoane Wissa,,388165,,Attack,
dr-kongo,DR Kongo,2026-06-03,Player,Matthieu Epolo,,680218,,Goalkeeper,
dr-kongo,DR Kongo,2026-06-03,Player,Chancel Mbemba,,203348,,Defender,
dr-kongo,DR Kongo,2026-06-03,Player,Simon Banza,,344869,,Attack,
dr-kongo,DR Kongo,2026-06-03,Player,Gédéon Kalulu,,395685,,Defender,
dr-kongo,DR Kongo,2026-06-03,Player,Edo Kayembe,,486477,,Midfield,
dr-kongo,DR Kongo,2026-06-03,Player,Arthur Masuaku,,181380,,Defender,
ecuador,Ecuador,2026-06-03,Coach,Sebastian Beccacece,5750,,,Coach,
ecuador,Ecuador,2026-06-03,Player,Hernan Galindez,5750,77127,,Goalkeeper,
ecuador,Ecuador,2026-06-03,Player,Felix Torres,5750,468174,,Defender,
ecuador,Ecuador,2026-06-03,Player,Piero Hincapie,5750,659813,,Defender,
ecuador,Ecuador,2026-06-03,Player,Joel Ordonez,5750,893661,,Defender,
ecuador,Ecuador,2026-06-03,Player,Jordy Alcivar,5750,598145,,Midfield,
ecuador,Ecuador,2026-06-03,Player,Willian Pacho,5750,661171,,Defender,
ecuador,Ecuador,2026-06-03,Player,Pervis Estupinan,5750,349599,,Defender,
ecuador,Ecuador,2026-06-03,Player,Anthony Valencia,5750,974374,,Midfield,
ecuador,Ecuador,2026-06-03,Player,John Yeboah,5750,439914,,Attack,
ecuador,Ecuador,2026-06-03,Player,Kendry Paez,5750,1052439,,Midfield,
ecuador,Ecuador,2026-06-03,Player,Kevin Rodriguez,5750,684159,,Attack,
ecuador,Ecuador,2026-06-03,Player,Moises Ramirez,5750,450233,,Goalkeeper,
ecuador,Ecuador,2026-06-03,Player,Enner Valencia,5750,139503,,Attack,
ecuador,Ecuador,2026-06-03,Player,Alan Minda,5750,897051,,Midfield,
ecuador,Ecuador,2026-06-03,Player,Pedro Vite,5750,659806,,Midfield,
ecuador,Ecuador,2026-06-03,Player,Jordy Caicedo,5750,360412,,Attack,
ecuador,Ecuador,2026-06-03,Player,Angelo Preciado,5750,450241,,Defender,
ecuador,Ecuador,2026-06-03,Player,Denil Castillo,5750,941418,,Midfield,
ecuador,Ecuador,2026-06-03,Player,Gonzalo Plata,5750,592735,,Attack,
ecuador,Ecuador,2026-06-03,Player,Nilson Angulo,5750,903611,,Attack,
ecuador,Ecuador,2026-06-03,Player,Alan Franco,5750,400960,,Midfield,
ecuador,Ecuador,2026-06-03,Player,Gonzalo Valle,5750,,,Goalkeeper,
ecuador,Ecuador,2026-06-03,Player,Moises Caicedo,5750,687626,,Midfield,
ecuador,Ecuador,2026-06-03,Player,Jeremy Arevalo,5750,971663,,Attack,
ecuador,Ecuador,2026-06-03,Player,Jackson Porozo,5750,491616,,Defender,
ecuador,Ecuador,2026-06-03,Player,Yaimar Medina,5750,893659,,Defender,
elfenbeinkuste,Elfenbeinküste,2026-06-03,Coach,Emerse Fae,,,,Coach,
elfenbeinkuste,Elfenbeinküste,2026-06-03,Player,Yahia Fofana,,418651,,Goalkeeper,
elfenbeinkuste,Elfenbeinküste,2026-06-03,Player,Ousmane Diomande,,974982,,Defender,
elfenbeinkuste,Elfenbeinküste,2026-06-03,Player,Ghislain Konan,,422850,,Defender,
elfenbeinkuste,Elfenbeinküste,2026-06-03,Player,Jean Michael Seri,,178614,,Midfield,
elfenbeinkuste,Elfenbeinküste,2026-06-03,Player,Wilfried Singo,,648779,,Defender,
elfenbeinkuste,Elfenbeinküste,2026-06-03,Player,Seko Fofana,,182893,,Midfield,
elfenbeinkuste,Elfenbeinküste,2026-06-03,Player,Odilon Kossounou,,644771,,Defender,
elfenbeinkuste,Elfenbeinküste,2026-06-03,Player,Franck Kessie,,294808,,Midfield,
elfenbeinkuste,Elfenbeinküste,2026-06-03,Player,Ange-Yoan Bonny,,827734,,Attack,
elfenbeinkuste,Elfenbeinküste,2026-06-03,Player,Simon Adingra,,658536,,Attack,
elfenbeinkuste,Elfenbeinküste,2026-06-03,Player,Yan Diomande,,1390649,,Attack,
elfenbeinkuste,Elfenbeinküste,2026-06-03,Player,Elye Wahi,,659542,,Attack,
elfenbeinkuste,Elfenbeinküste,2026-06-03,Player,Christopher Operi,,469976,,Defender,
elfenbeinkuste,Elfenbeinküste,2026-06-03,Player,Oumar Diakite,,847279,,Attack,
elfenbeinkuste,Elfenbeinküste,2026-06-03,Player,Amad Diallo,,536835,,Attack,
elfenbeinkuste,Elfenbeinküste,2026-06-03,Player,Mohamed Kone,,911985,,Goalkeeper,
elfenbeinkuste,Elfenbeinküste,2026-06-03,Player,Guela Doue,,711980,,Defender,
elfenbeinkuste,Elfenbeinküste,2026-06-03,Player,Ibrahim Sangare,,375885,,Midfield,
elfenbeinkuste,Elfenbeinküste,2026-06-03,Player,Nicolas Pepe,,343052,,Attack,
elfenbeinkuste,Elfenbeinküste,2026-06-03,Player,Emmanuel Agbadou,,683895,,Defender,
elfenbeinkuste,Elfenbeinküste,2026-06-03,Player,Evan Ndicka,,371149,,Defender,
elfenbeinkuste,Elfenbeinküste,2026-06-03,Player,Evann Guessand,,500689,,Attack,
elfenbeinkuste,Elfenbeinküste,2026-06-03,Player,Alban Lafont,,357117,,Goalkeeper,
elfenbeinkuste,Elfenbeinküste,2026-06-03,Player,Bazoumana Toure,,1067904,,Attack,
elfenbeinkuste,Elfenbeinküste,2026-06-03,Player,Parfait Guiagon,,624913,,Midfield,
elfenbeinkuste,Elfenbeinküste,2026-06-03,Player,Inao Oulai Christ,,1279526,,Midfield,
england,England,2026-06-03,Coach,Thomas Tuchel,3299,,,Coach,
england,England,2026-06-03,Player,Jordan Pickford,3299,130164,,Goalkeeper,
england,England,2026-06-03,Player,Ezri Konsa,3299,413403,,Defender,
england,England,2026-06-03,Player,Nico Oreilly,3299,743413,,Defender,
england,England,2026-06-03,Player,Declan Rice,3299,357662,,Midfield,
england,England,2026-06-03,Player,John Stones,3299,186590,,Defender,
england,England,2026-06-03,Player,Marc Guehi,3299,392757,,Defender,
england,England,2026-06-03,Player,Bukayo Saka,3299,433177,,Attack,
england,England,2026-06-03,Player,Elliot Anderson,3299,567576,,Midfield,
england,England,2026-06-03,Player,Harry Kane,3299,132098,,Attack,
england,England,2026-06-03,Player,Jude Bellingham,3299,581678,,Midfield,
england,England,2026-06-03,Player,Marcus Rashford,3299,258923,,Attack,
england,England,2026-06-03,Player,Tino Livramento,3299,503981,,Defender,
england,England,2026-06-03,Player,Dean Henderson,3299,258919,,Goalkeeper,
england,England,2026-06-03,Player,Jordan Henderson,3299,61651,,Midfield,
england,England,2026-06-03,Player,Dan Burn,3299,134270,,Defender,
england,England,2026-06-03,Player,Kobbie Mainoo,3299,820374,,Midfield,
england,England,2026-06-03,Player,Morgan Rogers,3299,503743,,Midfield,
england,England,2026-06-03,Player,Anthony Gordon,3299,503733,,Attack,
england,England,2026-06-03,Player,Ollie Watkins,3299,324358,,Attack,
england,England,2026-06-03,Player,Noni Madueke,3299,503987,,Attack,
england,England,2026-06-03,Player,Eberechi Eze,3299,479999,,Midfield,
england,England,2026-06-03,Player,Ivan Toney,3299,251664,,Attack,
england,England,2026-06-03,Player,James Trafford,3299,566799,,Goalkeeper,
england,England,2026-06-03,Player,Reece James,3299,472423,,Defender,
england,England,2026-06-03,Player,Djed Spence,3299,483348,,Defender,
england,England,2026-06-03,Player,Jarell Quansah,3299,632349,,Defender,
frankreich,Frankreich,2026-06-03,Coach,Didier Deschamps,3377,,,Coach,
frankreich,Frankreich,2026-06-03,Player,Brice Samba,3377,191056,,Goalkeeper,
frankreich,Frankreich,2026-06-03,Player,Malo Gusto,3377,620322,,Defender,
frankreich,Frankreich,2026-06-03,Player,Lucas Digne,3377,126664,,Defender,
frankreich,Frankreich,2026-06-03,Player,Dayot Upamecano,3377,344695,,Defender,
frankreich,Frankreich,2026-06-03,Player,Jules Kounde,3377,411975,,Defender,
frankreich,Frankreich,2026-06-03,Player,Manu Kone,3377,624690,,Midfield,
frankreich,Frankreich,2026-06-03,Player,Ousmane Dembele,3377,288230,,Attack,
frankreich,Frankreich,2026-06-03,Player,Aurelien Tchouameni,3377,413112,,Midfield,
frankreich,Frankreich,2026-06-03,Player,Marcus Thuram,3377,318528,,Attack,
frankreich,Frankreich,2026-06-03,Player,Kylian Mbappe,3377,342229,,Attack,
frankreich,Frankreich,2026-06-03,Player,Michael Olise,3377,566723,,Attack,
frankreich,Frankreich,2026-06-03,Player,Bradley Barcola,3377,708265,,Attack,
frankreich,Frankreich,2026-06-03,Player,Ngolo Kante,3377,225083,,Midfield,
frankreich,Frankreich,2026-06-03,Player,Adrien Rabiot,3377,182913,,Midfield,
frankreich,Frankreich,2026-06-03,Player,Ibrahima Konate,3377,357119,,Defender,
frankreich,Frankreich,2026-06-03,Player,Mike Maignan,3377,182906,,Goalkeeper,
frankreich,Frankreich,2026-06-03,Player,William Saliba,3377,495666,,Defender,
frankreich,Frankreich,2026-06-03,Player,Warren Zaire-Emery,3377,810092,,Midfield,
frankreich,Frankreich,2026-06-03,Player,Theo Hernandez,3377,339808,,Defender,
frankreich,Frankreich,2026-06-03,Player,Desire Doue,3377,914562,,Attack,
frankreich,Frankreich,2026-06-03,Player,Lucas Hernandez,3377,281963,,Defender,
frankreich,Frankreich,2026-06-03,Player,Jean-Philippe Mateta,3377,420002,,Attack,
frankreich,Frankreich,2026-06-03,Player,Robin Risser,3377,743515,,Goalkeeper,
frankreich,Frankreich,2026-06-03,Player,Rayan Cherki,3377,607223,,Midfield,
frankreich,Frankreich,2026-06-03,Player,Maghnes Akliouche,3377,745200,,Midfield,
frankreich,Frankreich,2026-06-03,Player,Maxence Lacroix,3377,434224,,Defender,
ghana,Ghana,2026-06-03,Coach,Carlos Queiroz,3441,,,Coach,
ghana,Ghana,2026-06-03,Player,Lawrence Ati-Zigi,3441,254285,,Goalkeeper,
ghana,Ghana,2026-06-03,Player,Alidu Seidu,3441,798404,,Defender,
ghana,Ghana,2026-06-03,Player,Caleb Yirenkyi,3441,1240763,,Midfield,
ghana,Ghana,2026-06-03,Player,Jonas Adjetey,3441,734676,,Defender,
ghana,Ghana,2026-06-03,Player,Thomas Partey,3441,230784,,Midfield,
ghana,Ghana,2026-06-03,Player,Abdul Mumin,3441,451801,,Defender,
ghana,Ghana,2026-06-03,Player,Fatawu Issahaku,3441,864121,,Attack,
ghana,Ghana,2026-06-03,Player,Kwasi Sibo,3441,538006,,Midfield,
ghana,Ghana,2026-06-03,Player,Jordan Ayew,3441,108354,,Attack,
ghana,Ghana,2026-06-03,Player,Brandon Thomas-Asante,3441,,,Attack,
ghana,Ghana,2026-06-03,Player,Antoine Semenyo,3441,583255,,Midfield,
ghana,Ghana,2026-06-03,Player,Joseph Anang,3441,576099,,Goalkeeper,
ghana,Ghana,2026-06-03,Player,Christopher Bonsu Baah,3441,1119447,,Attack,
ghana,Ghana,2026-06-03,Player,Gideon Mensah,3441,397171,,Defender,
ghana,Ghana,2026-06-03,Player,Elisha Owusu,3441,395695,,Midfield,
ghana,Ghana,2026-06-03,Player,Benjamin Asare,3441,,,Goalkeeper,
ghana,Ghana,2026-06-03,Player,Baba Rahman,3441,224884,,Defender,
ghana,Ghana,2026-06-03,Player,Jerome Opoku,3441,408563,,Defender,
ghana,Ghana,2026-06-03,Player,Inaki Williams,3441,255508,,Attack,
ghana,Ghana,2026-06-03,Player,Augustine Boakye,3441,579263,,Midfield,
ghana,Ghana,2026-06-03,Player,Kojo Peprah Oppong,3441,1113451,,Defender,
ghana,Ghana,2026-06-03,Player,Kamaldeen Sulemana,3441,746695,,Attack,
ghana,Ghana,2026-06-03,Player,Derrick Luckassen,3441,241457,,Defender,
ghana,Ghana,2026-06-03,Player,Ernest Nuamah,3441,955070,,Attack,
ghana,Ghana,2026-06-03,Player,Prince Adu,3441,734799,,Attack,
ghana,Ghana,2026-06-03,Player,Marvin Senaya,3441,830890,,Defender,
haiti,Haiti,2026-06-03,Coach,Sebastien Migne,,,,Coach,
haiti,Haiti,2026-06-03,Player,Johny Placide,,51035,,Goalkeeper,
haiti,Haiti,2026-06-03,Player,Carlens Arcus,,371686,,Defender,
haiti,Haiti,2026-06-03,Player,Keeto Thermoncy,,,,Defender,
haiti,Haiti,2026-06-03,Player,Ricardo Ade,,,,Defender,
haiti,Haiti,2026-06-03,Player,Hannes Delcroix,,338635,,Defender,
haiti,Haiti,2026-06-03,Player,Carl Sainte,,,,Midfield,
haiti,Haiti,2026-06-03,Player,Derrick Etienne Jr.,,354763,,Attack,
haiti,Haiti,2026-06-03,Player,Martin Experience,,,,Defender,
haiti,Haiti,2026-06-03,Player,Duckens Nazon,,345763,,Attack,
haiti,Haiti,2026-06-03,Player,Jean-Ricner Bellegarde,,450050,,Midfield,
haiti,Haiti,2026-06-03,Player,Louicius Deedson,,646108,,Attack,
haiti,Haiti,2026-06-03,Player,Alexandre Pierre,,838947,,Goalkeeper,
haiti,Haiti,2026-06-03,Player,Markhus Lacroix,,,,Defender,
haiti,Haiti,2026-06-03,Player,Leverton Pierre,,,,Midfield,
haiti,Haiti,2026-06-03,Player,Ruben Providence,,536520,,Attack,
haiti,Haiti,2026-06-03,Player,Lenny Joseph,,815359,,Attack,
haiti,Haiti,2026-06-03,Player,Danley Jean Jacques,,628834,,Midfield,
haiti,Haiti,2026-06-03,Player,Wilson Isidor,,494237,,Attack,
haiti,Haiti,2026-06-03,Player,Yassin Fortune,,342878,,Attack,
haiti,Haiti,2026-06-03,Player,Frantzdy Pierrot,,492955,,Attack,
haiti,Haiti,2026-06-03,Player,Josue Casimir,,763182,,Attack,
haiti,Haiti,2026-06-03,Player,Jean-Kevin Duverne,,344864,,Defender,
haiti,Haiti,2026-06-03,Player,Josue Duverger,,,,Goalkeeper,
haiti,Haiti,2026-06-03,Player,Wilguens Paugain,,609691,,Defender,
haiti,Haiti,2026-06-03,Player,Dominique Simon,,988188,,Midfield,
haiti,Haiti,2026-06-03,Player,Woodensky Pierre,,,,Midfield,
irak,Irak,2026-06-03,Coach,Graham Arnold,3560,,,Coach,
irak,Irak,2026-06-03,Player,Fahad Talib,3560,377268,,Goalkeeper,
irak,Irak,2026-06-03,Player,Rebin Ghareeb,3560,,,Defender,
irak,Irak,2026-06-03,Player,Hussein Ali,3560,535744,,Defender,
irak,Irak,2026-06-03,Player,Zaid Tahseen,3560,931147,,Defender,
irak,Irak,2026-06-03,Player,Akam Hashem,3560,933541,,Defender,
irak,Irak,2026-06-03,Player,Munaf Younus,3560,,,Defender,
irak,Irak,2026-06-03,Player,Youssef Amyn,3560,684307,,Midfield,
irak,Irak,2026-06-03,Player,Ibrahim Bayesh,3560,560957,,Midfield,
irak,Irak,2026-06-03,Player,Ali Alhamadi,3560,610581,,Attack,
irak,Irak,2026-06-03,Player,Mohanad Ali,3560,589646,,Attack,
irak,Irak,2026-06-03,Player,Ahmed Qasim,3560,,,Attack,
irak,Irak,2026-06-03,Player,Jalal Hassan,3560,206782,,Goalkeeper,
irak,Irak,2026-06-03,Player,Ali Yousif,3560,576265,,Attack,
irak,Irak,2026-06-03,Player,Zidane Iqbal,3560,686845,,Midfield,
irak,Irak,2026-06-03,Player,Ahmed Yahya,3560,949320,,Defender,
irak,Irak,2026-06-03,Player,Amir Alammari,3560,303766,,Midfield,
irak,Irak,2026-06-03,Player,Ali Jasim,3560,877672,,Attack,
irak,Irak,2026-06-03,Player,Aymen Hussein,3560,401054,,Attack,
irak,Irak,2026-06-03,Player,Kevin Yakob,3560,413268,,Midfield,
irak,Irak,2026-06-03,Player,Aimar Sher,3560,579294,,Midfield,
irak,Irak,2026-06-03,Player,Marko Farji,3560,663153,,Attack,
irak,Irak,2026-06-03,Player,Ahmed Basil,3560,560952,,Goalkeeper,
irak,Irak,2026-06-03,Player,Merchas Doski,3560,530527,,Defender,
irak,Irak,2026-06-03,Player,Zaid Ismail,3560,1132850,,Midfield,
irak,Irak,2026-06-03,Player,Mustafa Saadoon,3560,952341,,Defender,
irak,Irak,2026-06-03,Player,Frans Putros,3560,166460,,Defender,
iran,Iran,2026-06-03,Coach,Amir Ghalehnoy,3582,,,Coach,
iran,Iran,2026-06-03,Player,"Alireza Beiranvand,",3582,229081,,Goalkeeper,
iran,Iran,2026-06-03,Player,Saleh Hardani,3582,,,Defender,
iran,Iran,2026-06-03,Player,Ehsan Hajisafi,3582,77547,,Defender,
iran,Iran,2026-06-03,Player,Shoja Khalilzadeh,3582,,,Defender,
iran,Iran,2026-06-03,Player,Milad Mohammadi,3582,333355,,Defender,
iran,Iran,2026-06-03,Player,Saeid Ezatolahi,3582,249271,,Midfield,
iran,Iran,2026-06-03,Player,Alireza Jahanbakhsh,3582,213268,,Midfield,
iran,Iran,2026-06-03,Player,Mohammad Mohebbi,3582,603149,,Midfield,
iran,Iran,2026-06-03,Player,Mehdi Taremi,3582,307058,,Attack,
iran,Iran,2026-06-03,Player,Mehdi Ghayedi,3582,478192,,Attack,
iran,Iran,2026-06-03,Player,Ali Alipour,3582,249360,,Attack,
iran,Iran,2026-06-03,Player,Payam Niazmand,3582,343044,,Goalkeeper,
iran,Iran,2026-06-03,Player,Hossein Kanani,3582,,,Defender,
iran,Iran,2026-06-03,Player,Saman Ghoddos,3582,204294,,Midfield,
iran,Iran,2026-06-03,Player,Roozbeh Cheshmi,3582,,,Midfield,
iran,Iran,2026-06-03,Player,Mehdi Torabi,3582,,,Midfield,
iran,Iran,2026-06-03,Player,Arya Yousefi,3582,,,Defender,
iran,Iran,2026-06-03,Player,Amirhossein Hosseinzadeh,3582,542380,,Attack,
iran,Iran,2026-06-03,Player,Ali Nemati,3582,,,Defender,
iran,Iran,2026-06-03,Player,Shahriar Moghanlou,3582,357125,,Attack,
iran,Iran,2026-06-03,Player,Mohammad Ghorbani,3582,856087,,Midfield,
iran,Iran,2026-06-03,Player,Hossein Hosseini,3582,,,Goalkeeper,
iran,Iran,2026-06-03,Player,Ramin Rezaeian,3582,188312,,Defender,
iran,Iran,2026-06-03,Player,Dennis Dargahi,3582,,,Attack,
iran,Iran,2026-06-03,Player,Danial Iri,3582,,,Defender,
iran,Iran,2026-06-03,Player,Amirmohammad Razaghinia,3582,,,Midfield,
japan,Japan,2026-06-03,Coach,Hajime Moriyasu,3435,,,Coach,
japan,Japan,2026-06-03,Player,Zion Suzuki,3435,432298,,Goalkeeper,
japan,Japan,2026-06-03,Player,Yukinari Sugawara,3435,405385,,Defender,
japan,Japan,2026-06-03,Player,Shogo Taniguchi,3435,307870,,Defender,
japan,Japan,2026-06-03,Player,Kou Itakura,3435,355816,,Defender,
japan,Japan,2026-06-03,Player,Yuto Nagatomo,3435,79522,,Defender,
japan,Japan,2026-06-03,Player,Wataru Endo,3435,146310,,Midfield,
japan,Japan,2026-06-03,Player,Ao Tanaka,3435,489359,,Midfield,
japan,Japan,2026-06-03,Player,Takefusa Kubo,3435,405398,,Midfield,
japan,Japan,2026-06-03,Player,Keisuke Goto,3435,916623,,Attack,
japan,Japan,2026-06-03,Player,Ritsu Doan,3435,358504,,Midfield,
japan,Japan,2026-06-03,Player,Daizen Maeda,3435,420931,,Midfield,
japan,Japan,2026-06-03,Player,Keisuke Osako,3435,415521,,Goalkeeper,
japan,Japan,2026-06-03,Player,Keito Nakamura,3435,405397,,Midfield,
japan,Japan,2026-06-03,Player,Junya Ito,3435,348791,,Midfield,
japan,Japan,2026-06-03,Player,Daichi Kamada,3435,356141,,Midfield,
japan,Japan,2026-06-03,Player,Tsuyoshi Watanabe,3435,598791,,Defender,
japan,Japan,2026-06-03,Player,Yuito Suzuki,3435,668606,,Midfield,
japan,Japan,2026-06-03,Player,Ayase Ueda,3435,589128,,Attack,
japan,Japan,2026-06-03,Player,Koki Ogawa,3435,351567,,Attack,
japan,Japan,2026-06-03,Player,Ayumu Seko,3435,405389,,Defender,
japan,Japan,2026-06-03,Player,Hiroki Ito,3435,353892,,Defender,
japan,Japan,2026-06-03,Player,Takehiro Tomiyasu,3435,331560,,Defender,
japan,Japan,2026-06-03,Player,Tomoki Hayakawa,3435,683271,,Goalkeeper,
japan,Japan,2026-06-03,Player,Kaishu Sano,3435,643574,,Midfield,
japan,Japan,2026-06-03,Player,Junnosuke Suzuki,3435,848856,,Defender,
japan,Japan,2026-06-03,Player,Kento Shiogai,3435,1144627,,Attack,
jordanien,Jordanien,2026-06-03,Coach,Jamal Sellami,15737,,,Coach,
jordanien,Jordanien,2026-06-03,Player,Yazeed Abulaila,15737,261850,,Goalkeeper,
jordanien,Jordanien,2026-06-03,Player,Mohammad Abuhasheesh,15737,895249,,Defender,
jordanien,Jordanien,2026-06-03,Player,Abdallah Nasib,15737,882197,,Defender,
jordanien,Jordanien,2026-06-03,Player,Husam Abudahab,15737,895291,,Defender,
jordanien,Jordanien,2026-06-03,Player,Yazan Alarab,15737,539961,,Defender,
jordanien,Jordanien,2026-06-03,Player,Amer Jamous,15737,744040,,Midfield,
jordanien,Jordanien,2026-06-03,Player,Mohammad Abuzraiq,15737,,,Attack,
jordanien,Jordanien,2026-06-03,Player,Noor Alrawabdeh,15737,561485,,Midfield,
jordanien,Jordanien,2026-06-03,Player,Ali Olwan,15737,664057,,Attack,
jordanien,Jordanien,2026-06-03,Player,Mousa Altamari,15737,551505,,Attack,
jordanien,Jordanien,2026-06-03,Player,Odeh Fakhoury,15737,1252820,,Attack,
jordanien,Jordanien,2026-06-03,Player,Nour Baniateyah,15737,261837,,Goalkeeper,
jordanien,Jordanien,2026-06-03,Player,Mahmoud Almardi,15737,401086,,Attack,
jordanien,Jordanien,2026-06-03,Player,Rajaei Ayed,15737,261842,,Midfield,
jordanien,Jordanien,2026-06-03,Player,Ibrahim Sadeh,15737,709974,,Midfield,
jordanien,Jordanien,2026-06-03,Player,Mohammad Abualnadi,15737,658052,,Defender,
jordanien,Jordanien,2026-06-03,Player,Saleem Obaid,15737,658807,,Defender,
jordanien,Jordanien,2026-06-03,Player,Ibrahim Sabra,15737,1142382,,Attack,
jordanien,Jordanien,2026-06-03,Player,Saed Alrosan,15737,561481,,Defender,
jordanien,Jordanien,2026-06-03,Player,Mohannad Abutaha,15737,883111,,Midfield,
jordanien,Jordanien,2026-06-03,Player,Nizar Alrashdan,15737,734751,,Midfield,
jordanien,Jordanien,2026-06-03,Player,Abdallah Alfakhori,15737,658805,,Goalkeeper,
jordanien,Jordanien,2026-06-03,Player,Ehsan Haddad,15737,310943,,Defender,
jordanien,Jordanien,2026-06-03,Player,Ali Azaizeh,15737,1059056,,Attack,
jordanien,Jordanien,2026-06-03,Player,Mohammad Aldaoud,15737,310801,,Midfield,
jordanien,Jordanien,2026-06-03,Player,Anas Badawi,15737,,,Defender,
kanada,Kanada,2026-06-03,Coach,Jesse Marsch,3510,,,Coach,
kanada,Kanada,2026-06-03,Player,Dayne St. Clair,3510,439750,,Goalkeeper,
kanada,Kanada,2026-06-03,Player,Alistair Johnston,3510,637446,,Defender,
kanada,Kanada,2026-06-03,Player,Alfie Jones,3510,340990,,Defender,
kanada,Kanada,2026-06-03,Player,Luc de Fougerolles,3510,921995,,Defender,
kanada,Kanada,2026-06-03,Player,Joel Waterman,3510,441738,,Defender,
kanada,Kanada,2026-06-03,Player,Mathieu Choiniere,3510,589006,,Midfield,
kanada,Kanada,2026-06-03,Player,Stephen Eustaquio,3510,512913,,Midfield,
kanada,Kanada,2026-06-03,Player,Ismael Kone,3510,921655,,Midfield,
kanada,Kanada,2026-06-03,Player,Cyle Larin,3510,343463,,Attack,
kanada,Kanada,2026-06-03,Player,Jonathan David,3510,533738,,Attack,
kanada,Kanada,2026-06-03,Player,Liam Millar,3510,487417,,Midfield,
kanada,Kanada,2026-06-03,Player,Tani Oluwaseyi,3510,972465,,Attack,
kanada,Kanada,2026-06-03,Player,Derek Cornelius,3510,328609,,Defender,
kanada,Kanada,2026-06-03,Player,Jacob Shaffelburg,3510,637632,,Midfield,
kanada,Kanada,2026-06-03,Player,Moise Bombito,3510,1089202,,Defender,
kanada,Kanada,2026-06-03,Player,Maxime Crepeau,3510,189014,,Goalkeeper,
kanada,Kanada,2026-06-03,Player,Tajon Buchanan,3510,638793,,Attack,
kanada,Kanada,2026-06-03,Player,Owen Goodman,3510,814848,,Goalkeeper,
kanada,Kanada,2026-06-03,Player,Alphonso Davies,3510,424204,,Defender,
kanada,Kanada,2026-06-03,Player,Ali Ahmed,3510,,,Attack,
kanada,Kanada,2026-06-03,Player,Jonathan Osorio,3510,260807,,Midfield,
kanada,Kanada,2026-06-03,Player,Richie Laryea,3510,417348,,Defender,
kanada,Kanada,2026-06-03,Player,Niko Sigur,3510,1045375,,Defender,
kanada,Kanada,2026-06-03,Player,Promise David,3510,888785,,Attack,
kanada,Kanada,2026-06-03,Player,Nathan Saliba,3510,842420,,Midfield,
kanada,Kanada,2026-06-03,Player,Marcelo Flores,3510,668495,,Midfield,
kap-verde,Kap Verde,2026-06-03,Coach,Bubista,,,,Coach,
kap-verde,Kap Verde,2026-06-03,Player,Vozinha,,,,Goalkeeper,
kap-verde,Kap Verde,2026-06-03,Player,Stopira,,,,Defender,
kap-verde,Kap Verde,2026-06-03,Player,Diney Borges,,349570,,Defender,
kap-verde,Kap Verde,2026-06-03,Player,Pico Lopes,,,,Defender,
kap-verde,Kap Verde,2026-06-03,Player,Logan Costa,,484988,,Defender,
kap-verde,Kap Verde,2026-06-03,Player,Kevin Pina,,,,Midfield,
kap-verde,Kap Verde,2026-06-03,Player,Jovane Cabral,,448466,,Midfield,
kap-verde,Kap Verde,2026-06-03,Player,Joao Paulo,,623965,,Midfield,
kap-verde,Kap Verde,2026-06-03,Player,Gilson Benchimol,,820252,,Attack,
kap-verde,Kap Verde,2026-06-03,Player,Jamiro Monteiro,,272930,,Midfield,
kap-verde,Kap Verde,2026-06-03,Player,Garry Rodrigues,,170895,,Midfield,
kap-verde,Kap Verde,2026-06-03,Player,Marcio Rosa,,,,Goalkeeper,
kap-verde,Kap Verde,2026-06-03,Player,Sidny Lopes Cabral,,611855,,Defender,
kap-verde,Kap Verde,2026-06-03,Player,Deroy Duarte,,432852,,Midfield,
kap-verde,Kap Verde,2026-06-03,Player,Laros Duarte,,258513,,Midfield,
kap-verde,Kap Verde,2026-06-03,Player,Yannick Semedo,,,,Midfield,
kap-verde,Kap Verde,2026-06-03,Player,Willy Semedo,,531450,,Midfield,
kap-verde,Kap Verde,2026-06-03,Player,Telmo Arcanjo,,791528,,Midfield,
kap-verde,Kap Verde,2026-06-03,Player,Dailon Livramento,,676411,,Attack,
kap-verde,Kap Verde,2026-06-03,Player,Ryan Mendes,,111627,,Attack,
kap-verde,Kap Verde,2026-06-03,Player,Nuno da Costa,,306166,,Midfield,
kap-verde,Kap Verde,2026-06-03,Player,Steven Moreira,,203517,,Defender,
kap-verde,Kap Verde,2026-06-03,Player,CJ dos Santos,,532096,,Goalkeeper,
kap-verde,Kap Verde,2026-06-03,Player,Wagner Pina,,1072017,,Defender,
kap-verde,Kap Verde,2026-06-03,Player,Kelvin Pires,,,,Defender,
kap-verde,Kap Verde,2026-06-03,Player,Helio Varela,,840836,,Midfield,
katar,Katar,2026-06-03,Coach,Julen Lopetegui,14162,,,Coach,
katar,Katar,2026-06-03,Player,Mahmoud Abunada,14162,669629,,Goalkeeper,
katar,Katar,2026-06-03,Player,Pedro Miguel,14162,228727,,Defender,
katar,Katar,2026-06-03,Player,Lucas Mendes,14162,83983,,Defender,
katar,Katar,2026-06-03,Player,Issa Laye,14162,1264176,,Defender,
katar,Katar,2026-06-03,Player,Jassem Gaber,14162,735813,,Defender,
katar,Katar,2026-06-03,Player,Abdulaziz Hatem,14162,113915,,Midfield,
katar,Katar,2026-06-03,Player,Ahmed Alaaeldin,14162,187987,,Attack,
katar,Katar,2026-06-03,Player,Edmilson Junior,14162,237846,,Attack,
katar,Katar,2026-06-03,Player,Mohammed Muntari,14162,266935,,Attack,
katar,Katar,2026-06-03,Player,Hassan Alhaydos,14162,86286,,Attack,
katar,Katar,2026-06-03,Player,Akram Afif,14162,336646,,Attack,
katar,Katar,2026-06-03,Player,Karim Boudiaf,14162,222385,,Midfield,
katar,Katar,2026-06-03,Player,Ayoub Aloui,14162,1054631,,Defender,
katar,Katar,2026-06-03,Player,Homam Ahmed,14162,556713,,Defender,
katar,Katar,2026-06-03,Player,Yusuf Abdurisag,14162,589099,,Attack,
katar,Katar,2026-06-03,Player,Boualem Khoukhi,14162,222669,,Defender,
katar,Katar,2026-06-03,Player,Ahmed Alganehi,14162,670659,,Midfield,
katar,Katar,2026-06-03,Player,Sultan Albrake,14162,336665,,Defender,
katar,Katar,2026-06-03,Player,Almoez Ali,14162,345095,,Attack,
katar,Katar,2026-06-03,Player,Ahmed Fathi,14162,251183,,Midfield,
katar,Katar,2026-06-03,Player,Salah Zakaria,14162,632912,,Goalkeeper,
katar,Katar,2026-06-03,Player,Meshaal Barsham,14162,560423,,Goalkeeper,
katar,Katar,2026-06-03,Player,Assim Madibo,14162,336667,,Midfield,
katar,Katar,2026-06-03,Player,Tahsin Jamshid,14162,1143849,,Attack,
katar,Katar,2026-06-03,Player,Alhashmi Alhussein,14162,,,Defender,
katar,Katar,2026-06-03,Player,Mohamed Manai,14162,,,Attack,
kolumbien,Kolumbien,2026-06-03,Coach,Nestor Lorenzo,3816,,,Coach,
kolumbien,Kolumbien,2026-06-03,Player,David Ospina,3816,73396,,Goalkeeper,
kolumbien,Kolumbien,2026-06-03,Player,Daniel Munoz,3816,493003,,Defender,
kolumbien,Kolumbien,2026-06-03,Player,Jhon Lucumi,3816,413565,,Defender,
kolumbien,Kolumbien,2026-06-03,Player,Santiago Arias,3816,120443,,Defender,
kolumbien,Kolumbien,2026-06-03,Player,Kevin Castano,3816,857948,,Midfield,
kolumbien,Kolumbien,2026-06-03,Player,Richard Rios,3816,735573,,Midfield,
kolumbien,Kolumbien,2026-06-03,Player,Luis Diaz,3816,480692,,Attack,
kolumbien,Kolumbien,2026-06-03,Player,Jorge Carrascal,3816,354145,,Midfield,
kolumbien,Kolumbien,2026-06-03,Player,Jhon Cordoba,3816,185245,,Attack,
kolumbien,Kolumbien,2026-06-03,Player,James Rodriguez,3816,88103,,Midfield,
kolumbien,Kolumbien,2026-06-03,Player,Jhon Arias,3816,588989,,Midfield,
kolumbien,Kolumbien,2026-06-03,Player,Camilo Vargas,3816,74113,,Goalkeeper,
kolumbien,Kolumbien,2026-06-03,Player,Yerry Mina,3816,289446,,Defender,
kolumbien,Kolumbien,2026-06-03,Player,Gustavo Puerta,3816,936981,,Defender,
kolumbien,Kolumbien,2026-06-03,Player,Juan Portilla,3816,585747,,Midfield,
kolumbien,Kolumbien,2026-06-03,Player,Jefferson Lerma,3816,262980,,Midfield,
kolumbien,Kolumbien,2026-06-03,Player,Johan Mojica,3816,262939,,Defender,
kolumbien,Kolumbien,2026-06-03,Player,Willer Ditta,3816,609255,,Defender,
kolumbien,Kolumbien,2026-06-03,Player,Cucho Hernandez,3816,459463,,Attack,
kolumbien,Kolumbien,2026-06-03,Player,Juan Quintero,3816,122582,,Midfield,
kolumbien,Kolumbien,2026-06-03,Player,Jaminton Campaz,3816,491553,,Attack,
kolumbien,Kolumbien,2026-06-03,Player,Deiver Machado,3816,332560,,Defender,
kolumbien,Kolumbien,2026-06-03,Player,Davinson Sanchez,3816,341429,,Defender,
kolumbien,Kolumbien,2026-06-03,Player,Alvaro Montero,3816,292985,,Goalkeeper,
kolumbien,Kolumbien,2026-06-03,Player,Luis Suarez,3816,424784,,Attack,
kolumbien,Kolumbien,2026-06-03,Player,Andres Gomez,3816,957461,,Attack,
kroatien,Kroatien,2026-06-03,Coach,Zlatko Dalic,3556,,,Coach,
kroatien,Kroatien,2026-06-03,Player,Dominik Livakovic,3556,205927,,Goalkeeper,
kroatien,Kroatien,2026-06-03,Player,Josip Stanisic,3556,483046,,Defender,
kroatien,Kroatien,2026-06-03,Player,Marin Pongracic,3556,282144,,Defender,
kroatien,Kroatien,2026-06-03,Player,Josko Gvardiol,3556,475959,,Defender,
kroatien,Kroatien,2026-06-03,Player,Duje Caleta-Car,3556,238266,,Defender,
kroatien,Kroatien,2026-06-03,Player,Josip Sutalo,3556,371001,,Defender,
kroatien,Kroatien,2026-06-03,Player,Nikola Moro,3556,316934,,Midfield,
kroatien,Kroatien,2026-06-03,Player,Mateo Kovacic,3556,51471,,Midfield,
kroatien,Kroatien,2026-06-03,Player,Andrej Kramaric,3556,46580,,Attack,
kroatien,Kroatien,2026-06-03,Player,Luka Modric,3556,27992,,Midfield,
kroatien,Kroatien,2026-06-03,Player,Ante Budimir,3556,46413,,Attack,
kroatien,Kroatien,2026-06-03,Player,Ivor Pandur,3556,371013,,Goalkeeper,
kroatien,Kroatien,2026-06-03,Player,Nikola Vlasic,3556,293200,,Midfield,
kroatien,Kroatien,2026-06-03,Player,Ivan Perisic,3556,42460,,Attack,
kroatien,Kroatien,2026-06-03,Player,Mario Pasalic,3556,205938,,Midfield,
kroatien,Kroatien,2026-06-03,Player,Martin Baturina,3556,580451,,Midfield,
kroatien,Kroatien,2026-06-03,Player,Petar Sucic,3556,668207,,Midfield,
kroatien,Kroatien,2026-06-03,Player,Kristijan Jakic,3556,374954,,Defender,
kroatien,Kroatien,2026-06-03,Player,Toni Fruk,3556,432758,,Midfield,
kroatien,Kroatien,2026-06-03,Player,Igor Matanovic,3556,605268,,Attack,
kroatien,Kroatien,2026-06-03,Player,Luka Sucic,3556,502722,,Midfield,
kroatien,Kroatien,2026-06-03,Player,Luka Vuskovic,3556,892160,,Defender,
kroatien,Kroatien,2026-06-03,Player,Dominik Kotarski,3556,370997,,Goalkeeper,
kroatien,Kroatien,2026-06-03,Player,Marco Pasalic,3556,395928,,Attack,
kroatien,Kroatien,2026-06-03,Player,Martin Erlic,3556,357003,,Defender,
kroatien,Kroatien,2026-06-03,Player,Petar Musa,3556,387110,,Attack,
marokko,Marokko,2026-06-03,Coach,Mohamed Ouahbi,3575,,,Coach,
marokko,Marokko,2026-06-03,Player,Yassine Bounou,3575,207834,,Goalkeeper,
marokko,Marokko,2026-06-03,Player,Achraf Hakimi,3575,398073,,Defender,
marokko,Marokko,2026-06-03,Player,Noussair Mazraoui,3575,340456,,Defender,
marokko,Marokko,2026-06-03,Player,Sofyan Amrabat,3575,287579,,Midfield,
marokko,Marokko,2026-06-03,Player,Nayef Aguerd,3575,361914,,Defender,
marokko,Marokko,2026-06-03,Player,Ayyoub Bouaddi,3575,1097139,,Midfield,
marokko,Marokko,2026-06-03,Player,Chemsdine Talbi,3575,743384,,Midfield,
marokko,Marokko,2026-06-03,Player,Azzedine Ounahi,3575,593482,,Midfield,
marokko,Marokko,2026-06-03,Player,Soufiane Rahimi,3575,598506,,Attack,
marokko,Marokko,2026-06-03,Player,Brahim Diaz,3575,314678,,Attack,
marokko,Marokko,2026-06-03,Player,Ismael Saibari,3575,702869,,Midfield,
marokko,Marokko,2026-06-03,Player,Munir El Kajoui,3575,97925,,Goalkeeper,
marokko,Marokko,2026-06-03,Player,Zakaria El Ouahdi,3575,820474,,Defender,
marokko,Marokko,2026-06-03,Player,Issa Diop,3575,272622,,Defender,
marokko,Marokko,2026-06-03,Player,Samir El Mourabet,3575,1130514,,Midfield,
marokko,Marokko,2026-06-03,Player,Gessime Yassine,3575,1151929,,Midfield,
marokko,Marokko,2026-06-03,Player,Abde Ezzalzouli,3575,724520,,Attack,
marokko,Marokko,2026-06-03,Player,Chadi Riad,3575,689637,,Defender,
marokko,Marokko,2026-06-03,Player,Youssef Belammari,3575,518804,,Defender,
marokko,Marokko,2026-06-03,Player,Ayoub El Kaabi,3575,521127,,Attack,
marokko,Marokko,2026-06-03,Player,Ayoub Amaimouni,3575,799993,,Attack,
marokko,Marokko,2026-06-03,Player,Ahmed Reda Tagnaouti,3575,,,Goalkeeper,
marokko,Marokko,2026-06-03,Player,Bilal El Khannouss,3575,654982,,Midfield,
marokko,Marokko,2026-06-03,Player,Neil El Aynaoui,3575,901019,,Midfield,
marokko,Marokko,2026-06-03,Player,Redouane Halhal,3575,913660,,Defender,
marokko,Marokko,2026-06-03,Player,Anass Salah-Eddine,3575,485584,,Defender,
mexiko,Mexiko,2026-06-03,Coach,Javier Aguirre,6303,,,Coach,
mexiko,Mexiko,2026-06-03,Player,Raul Rangel,6303,802855,,Goalkeeper,
mexiko,Mexiko,2026-06-03,Player,Jorge Sanchez,6303,356044,,Defender,
mexiko,Mexiko,2026-06-03,Player,Cesar Montes,6303,387687,,Defender,
mexiko,Mexiko,2026-06-03,Player,Edson Alvarez,6303,401356,,Defender,
mexiko,Mexiko,2026-06-03,Player,Johan Vasquez,6303,532937,,Defender,
mexiko,Mexiko,2026-06-03,Player,Erik Lira,6303,602324,,Midfield,
mexiko,Mexiko,2026-06-03,Player,Luis Romo,6303,532938,,Midfield,
mexiko,Mexiko,2026-06-03,Player,Alvaro Fidalgo,6303,261503,,Midfield,
mexiko,Mexiko,2026-06-03,Player,Raul Jimenez,6303,206040,,Attack,
mexiko,Mexiko,2026-06-03,Player,Alexis Vega,6303,424689,,Attack,
mexiko,Mexiko,2026-06-03,Player,Santiago Gimenez,6303,552955,,Attack,
mexiko,Mexiko,2026-06-03,Player,Carlos Acevedo,6303,356042,,Goalkeeper,
mexiko,Mexiko,2026-06-03,Player,Guillermo Ochoa,6303,29559,,Goalkeeper,
mexiko,Mexiko,2026-06-03,Player,Armando Gonzalez,6303,837619,,Attack,
mexiko,Mexiko,2026-06-03,Player,Israel Reyes,6303,687558,,Defender,
mexiko,Mexiko,2026-06-03,Player,Julian Quinones,6303,416090,,Attack,
mexiko,Mexiko,2026-06-03,Player,Orbelin Pineda,6303,334042,,Midfield,
mexiko,Mexiko,2026-06-03,Player,Obed Vargas,6303,889435,,Midfield,
mexiko,Mexiko,2026-06-03,Player,Gilberto Mora,6303,1155723,,Midfield,
mexiko,Mexiko,2026-06-03,Player,Mateo Chavez,6303,1066953,,Defender,
mexiko,Mexiko,2026-06-03,Player,Cesar Huerta,6303,540315,,Attack,
mexiko,Mexiko,2026-06-03,Player,Guillermo Martinez,6303,347932,,Attack,
mexiko,Mexiko,2026-06-03,Player,Jesus Gallardo,6303,344854,,Defender,
mexiko,Mexiko,2026-06-03,Player,Luis Chavez,6303,331059,,Midfield,
mexiko,Mexiko,2026-06-03,Player,Roberto Alvarado,6303,353583,,Attack,
mexiko,Mexiko,2026-06-03,Player,Brian Gutierrez,6303,724443,,Midfield,
neuseeland,Neuseeland,2026-06-03,Coach,Darren Bazeley,9171,,,Coach,
neuseeland,Neuseeland,2026-06-03,Player,Max Crocombe,9171,207843,,Goalkeeper,
neuseeland,Neuseeland,2026-06-03,Player,Tim Payne,9171,149901,,Defender,
neuseeland,Neuseeland,2026-06-03,Player,Francis de Vries,9171,207061,,Defender,
neuseeland,Neuseeland,2026-06-03,Player,Tyler Bindon,9171,1007720,,Defender,
neuseeland,Neuseeland,2026-06-03,Player,Michael Boxall,9171,81723,,Defender,
neuseeland,Neuseeland,2026-06-03,Player,Joe Bell,9171,345700,,Midfield,
neuseeland,Neuseeland,2026-06-03,Player,Matthew Garbett,9171,617019,,Midfield,
neuseeland,Neuseeland,2026-06-03,Player,Marko Stamenic,9171,617018,,Midfield,
neuseeland,Neuseeland,2026-06-03,Player,Chris Wood,9171,108725,,Attack,
neuseeland,Neuseeland,2026-06-03,Player,Sarpreet Singh,9171,350357,,Midfield,
neuseeland,Neuseeland,2026-06-03,Player,Elijah Just,9171,485672,,Midfield,
neuseeland,Neuseeland,2026-06-03,Player,Alex Paulsen,9171,617009,,Goalkeeper,
neuseeland,Neuseeland,2026-06-03,Player,Liberato Cacace,9171,469211,,Defender,
neuseeland,Neuseeland,2026-06-03,Player,Alex Rufer,9171,256019,,Midfield,
neuseeland,Neuseeland,2026-06-03,Player,Nando Pijnaker,9171,455425,,Defender,
neuseeland,Neuseeland,2026-06-03,Player,Finn Surman,9171,724809,,Defender,
neuseeland,Neuseeland,2026-06-03,Player,Kosta Barbarouses,9171,50200,,Attack,
neuseeland,Neuseeland,2026-06-03,Player,Ben Waine,9171,539502,,Attack,
neuseeland,Neuseeland,2026-06-03,Player,Ben Old,9171,617021,,Midfield,
neuseeland,Neuseeland,2026-06-03,Player,Callum McCowatt,9171,400797,,Midfield,
neuseeland,Neuseeland,2026-06-03,Player,Jesse Randall,9171,677509,,Attack,
neuseeland,Neuseeland,2026-06-03,Player,Michael Woud,9171,350347,,Goalkeeper,
neuseeland,Neuseeland,2026-06-03,Player,Ryan Thomas,9171,203357,,Midfield,
neuseeland,Neuseeland,2026-06-03,Player,Callan Elliot,9171,482204,,Defender,
neuseeland,Neuseeland,2026-06-03,Player,Lachlan Bayliss,9171,1109358,,Midfield,
neuseeland,Neuseeland,2026-06-03,Player,Tommy Smith,9171,54381,,Defender,
niederlande,Niederlande,2026-06-03,Coach,Ronald Koeman,3379,,,Coach,
niederlande,Niederlande,2026-06-03,Player,Bart Verbruggen,3379,565093,,Goalkeeper,
niederlande,Niederlande,2026-06-03,Player,Jurrien Timber,3379,420243,,Defender,
niederlande,Niederlande,2026-06-03,Player,Marten de Roon,3379,133179,,Midfield,
niederlande,Niederlande,2026-06-03,Player,Virgil van Dijk,3379,139208,,Defender,
niederlande,Niederlande,2026-06-03,Player,Nathan Ake,3379,177476,,Defender,
niederlande,Niederlande,2026-06-03,Player,Jan Paul van Hecke,3379,576314,,Defender,
niederlande,Niederlande,2026-06-03,Player,Justin Kluivert,3379,330659,,Midfield,
niederlande,Niederlande,2026-06-03,Player,Ryan Gravenberch,3379,478573,,Midfield,
niederlande,Niederlande,2026-06-03,Player,Wout Weghorst,3379,228645,,Attack,
niederlande,Niederlande,2026-06-03,Player,Memphis Depay,3379,167850,,Attack,
niederlande,Niederlande,2026-06-03,Player,Cody Gakpo,3379,434675,,Attack,
niederlande,Niederlande,2026-06-03,Player,Mats Wieffer,3379,415381,,Defender,
niederlande,Niederlande,2026-06-03,Player,Robin Roefs,3379,646991,,Goalkeeper,
niederlande,Niederlande,2026-06-03,Player,Tijjani Reijnders,3379,460939,,Midfield,
niederlande,Niederlande,2026-06-03,Player,Micky van de Ven,3379,557459,,Defender,
niederlande,Niederlande,2026-06-03,Player,Guus Til,3379,372267,,Midfield,
niederlande,Niederlande,2026-06-03,Player,Noa Lang,3379,339332,,Attack,
niederlande,Niederlande,2026-06-03,Player,Donyell Malen,3379,326029,,Attack,
niederlande,Niederlande,2026-06-03,Player,Brian Brobbey,3379,473169,,Attack,
niederlande,Niederlande,2026-06-03,Player,Teun Koopmeiners,3379,360518,,Midfield,
niederlande,Niederlande,2026-06-03,Player,Frenkie de Jong,3379,326330,,Midfield,
niederlande,Niederlande,2026-06-03,Player,Denzel Dumfries,3379,321528,,Defender,
niederlande,Niederlande,2026-06-03,Player,Mark Flekken,3379,125714,,Goalkeeper,
niederlande,Niederlande,2026-06-03,Player,Crysencio Summerville,3379,474701,,Attack,
niederlande,Niederlande,2026-06-03,Player,Jorrel Hato,3379,904802,,Defender,
niederlande,Niederlande,2026-06-03,Player,Quinten Timber,3379,420213,,Midfield,
norwegen,Norwegen,2026-06-03,Coach,Stale Solbakken,3440,,,Coach,
norwegen,Norwegen,2026-06-03,Player,Ørjan Nyland,3440,73517,,Goalkeeper,
norwegen,Norwegen,2026-06-03,Player,Morten Thorsby,3440,226524,,Midfield,
norwegen,Norwegen,2026-06-03,Player,Kristoffer Ajer,3440,328658,,Defender,
norwegen,Norwegen,2026-06-03,Player,Leo Ostigard,3440,367284,,Defender,
norwegen,Norwegen,2026-06-03,Player,David Moller Wolfe,3440,661427,,Defender,
norwegen,Norwegen,2026-06-03,Player,Patrick Berg,3440,308439,,Midfield,
norwegen,Norwegen,2026-06-03,Player,Alexander Sorloth,3440,238407,,Attack,
norwegen,Norwegen,2026-06-03,Player,Sander Berge,3440,333014,,Midfield,
norwegen,Norwegen,2026-06-03,Player,Erling Haaland,3440,418560,,Attack,
norwegen,Norwegen,2026-06-03,Player,Martin Odegaard,3440,316264,,Midfield,
norwegen,Norwegen,2026-06-03,Player,Jorgen Strand Larsen,3440,429983,,Attack,
norwegen,Norwegen,2026-06-03,Player,Sander Tangvik,3440,549378,,Goalkeeper,
norwegen,Norwegen,2026-06-03,Player,Egil Selvik,3440,380744,,Goalkeeper,
norwegen,Norwegen,2026-06-03,Player,Fredrik Aursnes,3440,223367,,Midfield,
norwegen,Norwegen,2026-06-03,Player,Fredrik Andre Bjorkan,3440,364938,,Defender,
norwegen,Norwegen,2026-06-03,Player,Marcus Holmgren Pedersen,3440,583404,,Defender,
norwegen,Norwegen,2026-06-03,Player,Torbjorn Heggem,3440,464469,,Defender,
norwegen,Norwegen,2026-06-03,Player,Kristian Thorstvedt,3440,564785,,Midfield,
norwegen,Norwegen,2026-06-03,Player,Thelo Aasgaard,3440,647384,,Midfield,
norwegen,Norwegen,2026-06-03,Player,Antonio Nusa,3440,894914,,Attack,
norwegen,Norwegen,2026-06-03,Player,Andreas Schjelderup,3440,670103,,Midfield,
norwegen,Norwegen,2026-06-03,Player,Oscar Bobb,3440,661207,,Midfield,
norwegen,Norwegen,2026-06-03,Player,Jens Petter Hauge,3440,422355,,Midfield,
norwegen,Norwegen,2026-06-03,Player,Sondre Langas,3440,737837,,Defender,
norwegen,Norwegen,2026-06-03,Player,Henrik Falchener,3440,743088,,Defender,
norwegen,Norwegen,2026-06-03,Player,Julian Ryerson,3440,370789,,Attack,
osterreich,Österreich,2026-06-03,Coach,Ralf Rangnick,3383,,,Coach,
osterreich,Österreich,2026-06-03,Player,Alexander Schlager,3383,186374,,Goalkeeper,
osterreich,Österreich,2026-06-03,Player,David Affengruber,3383,452483,,Defender,
osterreich,Österreich,2026-06-03,Player,Kevin Danso,3383,263236,,Defender,
osterreich,Österreich,2026-06-03,Player,Xaver Schlager,3383,223979,,Midfield,
osterreich,Österreich,2026-06-03,Player,Stefan Posch,3383,223974,,Defender,
osterreich,Österreich,2026-06-03,Player,Nicolas Seiwald,3383,404950,,Midfield,
osterreich,Österreich,2026-06-03,Player,Marko Arnautovic,3383,41384,,Attack,
osterreich,Österreich,2026-06-03,Player,David Alaba,3383,59016,,Defender,
osterreich,Österreich,2026-06-03,Player,Marcel Sabitzer,3383,106987,,Midfield,
osterreich,Österreich,2026-06-03,Player,Florian Grillitsch,3383,195736,,Midfield,
osterreich,Österreich,2026-06-03,Player,Michael Gregoritsch,3383,120205,,Attack,
osterreich,Österreich,2026-06-03,Player,Florian Wiegele,3383,393999,,Goalkeeper,
osterreich,Österreich,2026-06-03,Player,Patrick Pentz,3383,223972,,Goalkeeper,
osterreich,Österreich,2026-06-03,Player,Sasa Kalajdzic,3383,369567,,Attack,
osterreich,Österreich,2026-06-03,Player,Philipp Lienhart,3383,225657,,Defender,
osterreich,Österreich,2026-06-03,Player,Phillip Mwene,3383,127573,,Defender,
osterreich,Österreich,2026-06-03,Player,Carney Chukwuemeka,3383,659459,,Midfield,
osterreich,Österreich,2026-06-03,Player,Romano Schmid,3383,346853,,Midfield,
osterreich,Österreich,2026-06-03,Player,Christoph Baumgartner,3383,324278,,Midfield,
osterreich,Österreich,2026-06-03,Player,Konrad Laimer,3383,223967,,Midfield,
osterreich,Österreich,2026-06-03,Player,Patrick Wimmer,3383,533295,,Attack,
osterreich,Österreich,2026-06-03,Player,Alexander Prass,3383,434116,,Midfield,
osterreich,Österreich,2026-06-03,Player,Marco Friedl,3383,156990,,Defender,
osterreich,Österreich,2026-06-03,Player,Paul Wanner,3383,900909,,Midfield,
osterreich,Österreich,2026-06-03,Player,Michael Svoboda,3383,438961,,Defender,
osterreich,Österreich,2026-06-03,Player,Alessandro Schoepf,3383,118397,,Midfield,
panama,Panama,2026-06-03,Coach,Thomas Christiansen,3577,,,Coach,
panama,Panama,2026-06-03,Player,Luis Mejia,3577,,,Goalkeeper,
panama,Panama,2026-06-03,Player,Cesar Blackman,3577,440383,,Defender,
panama,Panama,2026-06-03,Player,Jose Cordoba,3577,698415,,Defender,
panama,Panama,2026-06-03,Player,Fidel Escobar,3577,345716,,Defender,
panama,Panama,2026-06-03,Player,Edgardo Farina,3577,923177,,Defender,
panama,Panama,2026-06-03,Player,Cristian Martinez,3577,419247,,Midfield,
panama,Panama,2026-06-03,Player,Jose Luis Rodriguez,3577,425028,,Midfield,
panama,Panama,2026-06-03,Player,Adalberto Carrasquilla,3577,375300,,Midfield,
panama,Panama,2026-06-03,Player,Tomas Rodriguez,3577,569205,,Attack,
panama,Panama,2026-06-03,Player,Ismael Diaz,3577,243298,,Midfield,
panama,Panama,2026-06-03,Player,Edgar Yoel Barcenas,3577,283473,,Midfield,
panama,Panama,2026-06-03,Player,Cesar Samudio,3577,,,Goalkeeper,
panama,Panama,2026-06-03,Player,Jiovany Ramos,3577,403809,,Defender,
panama,Panama,2026-06-03,Player,Carlos Harvey,3577,628806,,Defender,
panama,Panama,2026-06-03,Player,Eric Davis,3577,121791,,Defender,
panama,Panama,2026-06-03,Player,Andres Andrade,3577,403808,,Defender,
panama,Panama,2026-06-03,Player,Jose Fajardo,3577,,,Attack,
panama,Panama,2026-06-03,Player,Cecilio Waterman,3577,,,Attack,
panama,Panama,2026-06-03,Player,Alberto Quintero,3577,126019,,Midfield,
panama,Panama,2026-06-03,Player,Anibal Godoy,3577,161671,,Midfield,
panama,Panama,2026-06-03,Player,Cesar Yanis,3577,741098,,Midfield,
panama,Panama,2026-06-03,Player,Orlando Mosquera,3577,402979,,Goalkeeper,
panama,Panama,2026-06-03,Player,Amir Murillo,3577,354482,,Defender,
panama,Panama,2026-06-03,Player,Azarias Londono,3577,860998,,Attack,
panama,Panama,2026-06-03,Player,Roderick Miller,3577,157154,,Defender,
panama,Panama,2026-06-03,Player,Jorge Gutierrez,3577,443379,,Defender,
paraguay,Paraguay,2026-06-03,Coach,Gustavo Alfaro,3581,,,Coach,
paraguay,Paraguay,2026-06-03,Player,Gatito Fernandez,3581,107318,,Goalkeeper,
paraguay,Paraguay,2026-06-03,Player,Gustavo Velazquez,3581,,,Defender,
paraguay,Paraguay,2026-06-03,Player,Omar Alderete,3581,353032,,Defender,
paraguay,Paraguay,2026-06-03,Player,Juan Jose Caceres,3581,756494,,Defender,
paraguay,Paraguay,2026-06-03,Player,Fabian Balbuena,3581,285548,,Defender,
paraguay,Paraguay,2026-06-03,Player,Junior Alonso,3581,273000,,Defender,
paraguay,Paraguay,2026-06-03,Player,Ramon Sosa,3581,745191,,Midfield,
paraguay,Paraguay,2026-06-03,Player,Diego Gomez,3581,996897,,Midfield,
paraguay,Paraguay,2026-06-03,Player,Antonio Sanabria,3581,234523,,Attack,
paraguay,Paraguay,2026-06-03,Player,Miguel Almiron,3581,272999,,Midfield,
paraguay,Paraguay,2026-06-03,Player,Mauricio,3581,678439,,Midfield,
paraguay,Paraguay,2026-06-03,Player,Orlando Gill,3581,643259,,Goalkeeper,
paraguay,Paraguay,2026-06-03,Player,Jose Canale,3581,402627,,Defender,
paraguay,Paraguay,2026-06-03,Player,Andres Cubas,3581,323872,,Midfield,
paraguay,Paraguay,2026-06-03,Player,Gustavo Gomez,3581,215390,,Defender,
paraguay,Paraguay,2026-06-03,Player,Damian Bobadilla,3581,861852,,Midfield,
paraguay,Paraguay,2026-06-03,Player,Alejandro Romero Gamarra,3581,,,Attack,
paraguay,Paraguay,2026-06-03,Player,Alex Arce,3581,970518,,Attack,
paraguay,Paraguay,2026-06-03,Player,Julio Enciso,3581,660867,,Attack,
paraguay,Paraguay,2026-06-03,Player,Braian Ojeda,3581,491596,,Midfield,
paraguay,Paraguay,2026-06-03,Player,Gabriel Avalos,3581,358418,,Attack,
paraguay,Paraguay,2026-06-03,Player,Gaston Olveira,3581,,,Goalkeeper,
paraguay,Paraguay,2026-06-03,Player,Matias Galarza,3581,661269,,Midfield,
paraguay,Paraguay,2026-06-03,Player,Gustavo Caballero,3581,891672,,Midfield,
paraguay,Paraguay,2026-06-03,Player,Isidro Pitta,3581,675178,,Attack,
paraguay,Paraguay,2026-06-03,Player,Alexandro Maidana,3581,1371519,,Defender,
portugal,Portugal,2026-06-03,Coach,Roberto Martinez,3300,,,Coach,
portugal,Portugal,2026-06-03,Player,Diogo Costa,3300,357153,,Goalkeeper,
portugal,Portugal,2026-06-03,Player,Nelson Semedo,3300,231572,,Defender,
portugal,Portugal,2026-06-03,Player,Ruben Dias,3300,258004,,Defender,
portugal,Portugal,2026-06-03,Player,Tomas Araujo,3300,504087,,Defender,
portugal,Portugal,2026-06-03,Player,Diogo Dalot,3300,357147,,Defender,
portugal,Portugal,2026-06-03,Player,Matheus Nunes,3300,601883,,Midfield,
portugal,Portugal,2026-06-03,Player,Cristiano Ronaldo,3300,8198,,Attack,
portugal,Portugal,2026-06-03,Player,Bruno Fernandes,3300,240306,,Midfield,
portugal,Portugal,2026-06-03,Player,Goncalo Ramos,3300,550550,,Attack,
portugal,Portugal,2026-06-03,Player,Bernardo Silva,3300,241641,,Midfield,
portugal,Portugal,2026-06-03,Player,Joao Felix,3300,462250,,Attack,
portugal,Portugal,2026-06-03,Player,Jose Sa,3300,249994,,Goalkeeper,
portugal,Portugal,2026-06-03,Player,Renato Veiga,3300,805714,,Defender,
portugal,Portugal,2026-06-03,Player,Goncalo Inacio,3300,549006,,Defender,
portugal,Portugal,2026-06-03,Player,Joao Neves,3300,670681,,Midfield,
portugal,Portugal,2026-06-03,Player,Francisco Trincao,3300,412669,,Attack,
portugal,Portugal,2026-06-03,Player,Rafael Leao,3300,357164,,Attack,
portugal,Portugal,2026-06-03,Player,Pedro Neto,3300,487465,,Attack,
portugal,Portugal,2026-06-03,Player,Goncalo Guedes,3300,225122,,Attack,
portugal,Portugal,2026-06-03,Player,Joao Cancelo,3300,182712,,Defender,
portugal,Portugal,2026-06-03,Player,Ruben Neves,3300,225161,,Midfield,
portugal,Portugal,2026-06-03,Player,Rui Silva,3300,234811,,Goalkeeper,
portugal,Portugal,2026-06-03,Player,Vitinha,3300,487469,,Midfield,
portugal,Portugal,2026-06-03,Player,Samu Costa,3300,657430,,Defender,
portugal,Portugal,2026-06-03,Player,Nuno Mendes,3300,616341,,Defender,
portugal,Portugal,2026-06-03,Player,Francisco Conceicao,3300,487474,,Attack,
saudi-arabien,Saudi-Arabien,2026-06-03,Coach,Georgios Donis,3807,,,Coach,
saudi-arabien,Saudi-Arabien,2026-06-03,Player,Nawaf Alaqidi,3807,886183,,Goalkeeper,
saudi-arabien,Saudi-Arabien,2026-06-03,Player,Ali Majrashi,3807,672391,,Defender,
saudi-arabien,Saudi-Arabien,2026-06-03,Player,Ali Lajami,3807,264909,,Defender,
saudi-arabien,Saudi-Arabien,2026-06-03,Player,Abdulelah Alamri,3807,509894,,Defender,
saudi-arabien,Saudi-Arabien,2026-06-03,Player,Hassan Altambakti,3807,509897,,Defender,
saudi-arabien,Saudi-Arabien,2026-06-03,Player,Nasser Aldawsari,3807,509911,,Midfield,
saudi-arabien,Saudi-Arabien,2026-06-03,Player,Musab Aljuwayr,3807,901181,,Midfield,
saudi-arabien,Saudi-Arabien,2026-06-03,Player,Ayman Yahya,3807,735815,,Attack,
saudi-arabien,Saudi-Arabien,2026-06-03,Player,Feras Albrikan,3807,631922,,Attack,
saudi-arabien,Saudi-Arabien,2026-06-03,Player,Salem Aldawsari,3807,195332,,Attack,
saudi-arabien,Saudi-Arabien,2026-06-03,Player,Saleh Alshehri,3807,242267,,Attack,
saudi-arabien,Saudi-Arabien,2026-06-03,Player,Saud Abdulhamid,3807,631927,,Defender,
saudi-arabien,Saudi-Arabien,2026-06-03,Player,Nawaf Bu Washl,3807,821377,,Defender,
saudi-arabien,Saudi-Arabien,2026-06-03,Player,Hassan Kadish,3807,260859,,Defender,
saudi-arabien,Saudi-Arabien,2026-06-03,Player,Abdullah Alkhaibari,3807,437903,,Midfield,
saudi-arabien,Saudi-Arabien,2026-06-03,Player,Ziyad Aljohani,3807,901079,,Midfield,
saudi-arabien,Saudi-Arabien,2026-06-03,Player,Khalid Alghannam,3807,631923,,Attack,
saudi-arabien,Saudi-Arabien,2026-06-03,Player,Ala Alhajji,3807,,,Midfield,
saudi-arabien,Saudi-Arabien,2026-06-03,Player,Abdullah Alhamddan,3807,68626,,Attack,
saudi-arabien,Saudi-Arabien,2026-06-03,Player,Sultan Mandash,3807,210349,,Attack,
saudi-arabien,Saudi-Arabien,2026-06-03,Player,Mohammed Alowais,3807,262845,,Goalkeeper,
saudi-arabien,Saudi-Arabien,2026-06-03,Player,Ahmed Alkassar,3807,177956,,Goalkeeper,
saudi-arabien,Saudi-Arabien,2026-06-03,Player,Mohamed Kanno,3807,308120,,Midfield,
saudi-arabien,Saudi-Arabien,2026-06-03,Player,Moteb Alharbi,3807,869509,,Defender,
saudi-arabien,Saudi-Arabien,2026-06-03,Player,Jehad Thikri,3807,,,Defender,
saudi-arabien,Saudi-Arabien,2026-06-03,Player,Mohammed Abu Alshamat,3807,1181852,,Defender,
schottland,Schottland,2026-06-03,Coach,Steve Clarke,3380,,,Coach,
schottland,Schottland,2026-06-03,Player,Angus Gunn,3380,201574,,Goalkeeper,
schottland,Schottland,2026-06-03,Player,Aaron Hickey,3380,591949,,Defender,
schottland,Schottland,2026-06-03,Player,Andy Robertson,3380,234803,,Defender,
schottland,Schottland,2026-06-03,Player,Scott McTominay,3380,315969,,Midfield,
schottland,Schottland,2026-06-03,Player,Grant Hanley,3380,121385,,Defender,
schottland,Schottland,2026-06-03,Player,Kieran Tierney,3380,300716,,Defender,
schottland,Schottland,2026-06-03,Player,John McGinn,3380,193116,,Midfield,
schottland,Schottland,2026-06-03,Player,Tyler Fletcher,3380,,,Midfield,
schottland,Schottland,2026-06-03,Player,Lyndon Dykes,3380,347138,,Attack,
schottland,Schottland,2026-06-03,Player,Che Adams,3380,346779,,Attack,
schottland,Schottland,2026-06-03,Player,Ryan Christie,3380,188077,,Midfield,
schottland,Schottland,2026-06-03,Player,Liam Kelly,3380,208772,,Goalkeeper,
schottland,Schottland,2026-06-03,Player,Jack Hendry,3380,363223,,Defender,
schottland,Schottland,2026-06-03,Player,Ross Stewart,3380,447995,,Attack,
schottland,Schottland,2026-06-03,Player,John Souttar,3380,235767,,Defender,
schottland,Schottland,2026-06-03,Player,Dominic Hyam,3380,,,Defender,
schottland,Schottland,2026-06-03,Player,Ben Gannon-Doak,3380,719673,,Attack,
schottland,Schottland,2026-06-03,Player,George Hirst,3380,420808,,Attack,
schottland,Schottland,2026-06-03,Player,Lewis Ferguson,3380,428563,,Midfield,
schottland,Schottland,2026-06-03,Player,Lawrence Shankland,3380,225744,,Attack,
schottland,Schottland,2026-06-03,Player,Craig Gordon,3380,12589,,Goalkeeper,
schottland,Schottland,2026-06-03,Player,Nathan Patterson,3380,424015,,Defender,
schottland,Schottland,2026-06-03,Player,Kenny McLean,3380,126600,,Midfield,
schottland,Schottland,2026-06-03,Player,Anthony Ralston,3380,388171,,Defender,
schottland,Schottland,2026-06-03,Player,Findlay Curtis,3380,1082993,,Attack,
schottland,Schottland,2026-06-03,Player,Scott McKenna,3380,255906,,Defender,
schweden,Schweden,2026-06-03,Coach,Graham Potter,3557,,,Coach,
schweden,Schweden,2026-06-03,Player,Jacob Widell Zetterstrom,3557,549440,,Goalkeeper,
schweden,Schweden,2026-06-03,Player,Gustaf Lagerbielke,3557,485395,,Defender,
schweden,Schweden,2026-06-03,Player,Victor Lindelof,3557,184573,,Defender,
schweden,Schweden,2026-06-03,Player,Isak Hien,3557,503075,,Defender,
schweden,Schweden,2026-06-03,Player,Gabriel Gudmundsson,3557,362108,,Defender,
schweden,Schweden,2026-06-03,Player,Herman Johansson,3557,744853,,Defender,
schweden,Schweden,2026-06-03,Player,Lucas Bergvall,3557,866246,,Midfield,
schweden,Schweden,2026-06-03,Player,Daniel Svensson,3557,579287,,Defender,
schweden,Schweden,2026-06-03,Player,Alexander Isak,3557,349066,,Attack,
schweden,Schweden,2026-06-03,Player,Benjamin Nygren,3557,475949,,Midfield,
schweden,Schweden,2026-06-03,Player,Anthony Elanga,3557,583189,,Attack,
schweden,Schweden,2026-06-03,Player,Viktor Johansson,3557,273742,,Goalkeeper,
schweden,Schweden,2026-06-03,Player,Ken Sema,3557,252345,,Midfield,
schweden,Schweden,2026-06-03,Player,Hjalmar Ekdal,3557,392179,,Defender,
schweden,Schweden,2026-06-03,Player,Carl Starfelt,3557,258987,,Defender,
schweden,Schweden,2026-06-03,Player,Jesper Karlstrom,3557,222855,,Midfield,
schweden,Schweden,2026-06-03,Player,Viktor Gyokeres,3557,325443,,Attack,
schweden,Schweden,2026-06-03,Player,Yasin Ayari,3557,667287,,Midfield,
schweden,Schweden,2026-06-03,Player,Mattias Svanberg,3557,342405,,Midfield,
schweden,Schweden,2026-06-03,Player,Eric Smith,3557,292534,,Defender,
schweden,Schweden,2026-06-03,Player,Alexander Bernhardsson,3557,633454,,Defender,
schweden,Schweden,2026-06-03,Player,Besfort Zeneli,3557,715653,,Midfield,
schweden,Schweden,2026-06-03,Player,Kristoffer Nordfeldt,3557,75890,,Goalkeeper,
schweden,Schweden,2026-06-03,Player,Elliot Stroud,3557,687622,,Defender,
schweden,Schweden,2026-06-03,Player,Gustaf Nilsson,3557,320440,,Attack,
schweden,Schweden,2026-06-03,Player,Taha Ali,3557,731771,,Attack,
schweiz,Schweiz,2026-06-03,Coach,Murat Yakin,3384,,,Coach,
schweiz,Schweiz,2026-06-03,Player,Gregor Kobel,3384,257814,,Goalkeeper,
schweiz,Schweiz,2026-06-03,Player,Miro Muheim,3384,298603,,Defender,
schweiz,Schweiz,2026-06-03,Player,Silvan Widmer,3384,168989,,Defender,
schweiz,Schweiz,2026-06-03,Player,Nico Elvedi,3384,192635,,Defender,
schweiz,Schweiz,2026-06-03,Player,Manuel Akanji,3384,284730,,Defender,
schweiz,Schweiz,2026-06-03,Player,Denis Zakaria,3384,334526,,Midfield,
schweiz,Schweiz,2026-06-03,Player,Breel Embolo,3384,237662,,Attack,
schweiz,Schweiz,2026-06-03,Player,Remo Freuler,3384,148252,,Midfield,
schweiz,Schweiz,2026-06-03,Player,Johan Manzambi,3384,927353,,Midfield,
schweiz,Schweiz,2026-06-03,Player,Granit Xhaka,3384,111455,,Midfield,
schweiz,Schweiz,2026-06-03,Player,Dan Ndoye,3384,365108,,Attack,
schweiz,Schweiz,2026-06-03,Player,Yvon Mvogo,3384,147051,,Goalkeeper,
schweiz,Schweiz,2026-06-03,Player,Ricardo Rodriguez,3384,86784,,Defender,
schweiz,Schweiz,2026-06-03,Player,Ardon Jashari,3384,608172,,Midfield,
schweiz,Schweiz,2026-06-03,Player,Djibril Sow,3384,212723,,Midfield,
schweiz,Schweiz,2026-06-03,Player,Christian Fassnacht,3384,250490,,Attack,
schweiz,Schweiz,2026-06-03,Player,Ruben Vargas,3384,345886,,Attack,
schweiz,Schweiz,2026-06-03,Player,Eray Coemert,3384,298583,,Defender,
schweiz,Schweiz,2026-06-03,Player,Noah Okafor,3384,346890,,Attack,
schweiz,Schweiz,2026-06-03,Player,Michel Aebischer,3384,237658,,Midfield,
schweiz,Schweiz,2026-06-03,Player,Marvin Keller,3384,500763,,Goalkeeper,
schweiz,Schweiz,2026-06-03,Player,Fabian Rieder,3384,507341,,Midfield,
schweiz,Schweiz,2026-06-03,Player,Zeki Amdouni,3384,548729,,Attack,
schweiz,Schweiz,2026-06-03,Player,Aurele Amenda,3384,635645,,Defender,
schweiz,Schweiz,2026-06-03,Player,Luca Jaquez,3384,539798,,Defender,
schweiz,Schweiz,2026-06-03,Player,Cedric Itten,3384,243856,,Attack,
senegal,Senegal,2026-06-03,Coach,Pape Thiaw,3499,,,Coach,
senegal,Senegal,2026-06-03,Player,Yehvann Diouf,3499,448632,,Goalkeeper,
senegal,Senegal,2026-06-03,Player,Mamadou Sarr,3499,910905,,Defender,
senegal,Senegal,2026-06-03,Player,Kalidou Koulibaly,3499,93128,,Defender,
senegal,Senegal,2026-06-03,Player,Abdoulaye Seck,3499,265383,,Defender,
senegal,Senegal,2026-06-03,Player,Idrissa Gana Gueye,3499,126665,,Midfield,
senegal,Senegal,2026-06-03,Player,Pathe Ciss,3499,525578,,Midfield,
senegal,Senegal,2026-06-03,Player,Assane Diao,3499,1061282,,Attack,
senegal,Senegal,2026-06-03,Player,Lamine Camara,3499,918969,,Midfield,
senegal,Senegal,2026-06-03,Player,Bamba Dieng,3499,822458,,Attack,
senegal,Senegal,2026-06-03,Player,Sadio Mane,3499,200512,,Attack,
senegal,Senegal,2026-06-03,Player,Nicolas Jackson,3499,776890,,Attack,
senegal,Senegal,2026-06-03,Player,Cherif Ndiaye,3499,480705,,Attack,
senegal,Senegal,2026-06-03,Player,Iliman Ndiaye,3499,623570,,Attack,
senegal,Senegal,2026-06-03,Player,Ismail Jakobs,3499,375137,,Defender,
senegal,Senegal,2026-06-03,Player,Krepin Diatta,3499,490426,,Defender,
senegal,Senegal,2026-06-03,Player,Edouard Mendy,3499,442531,,Goalkeeper,
senegal,Senegal,2026-06-03,Player,Pape Matar Sarr,3499,568693,,Midfield,
senegal,Senegal,2026-06-03,Player,Ismaila Sarr,3499,410225,,Attack,
senegal,Senegal,2026-06-03,Player,Moussa Niakhate,3499,291200,,Defender,
senegal,Senegal,2026-06-03,Player,Ibrahim Mbaye,3499,1185888,,Attack,
senegal,Senegal,2026-06-03,Player,Habib Diarra,3499,876631,,Midfield,
senegal,Senegal,2026-06-03,Player,Bara Sapoko Ndiaye,3499,1497653,,Midfield,
senegal,Senegal,2026-06-03,Player,Mory Diaw,3499,164904,,Goalkeeper,
senegal,Senegal,2026-06-03,Player,Antoine Mendy,3499,891998,,Defender,
senegal,Senegal,2026-06-03,Player,El Hadji Malick Diouf,3499,1111589,,Defender,
senegal,Senegal,2026-06-03,Player,Pape Gueye,3499,485963,,Midfield,
spanien,Spanien,2026-06-03,Coach,Luis De La Fuente,3375,,,Coach,
spanien,Spanien,2026-06-03,Player,David Raya,3375,262749,,Goalkeeper,
spanien,Spanien,2026-06-03,Player,Marc Pubill,3375,844637,,Defender,
spanien,Spanien,2026-06-03,Player,Alex Grimaldo,3375,193082,,Defender,
spanien,Spanien,2026-06-03,Player,Eric Garcia,3375,466794,,Defender,
spanien,Spanien,2026-06-03,Player,Marcos Llorente,3375,282411,,Defender,
spanien,Spanien,2026-06-03,Player,Mikel Merino,3375,338424,,Midfield,
spanien,Spanien,2026-06-03,Player,Ferran Torres,3375,398184,,Attack,
spanien,Spanien,2026-06-03,Player,Fabian Ruiz,3375,350219,,Midfield,
spanien,Spanien,2026-06-03,Player,Gavi,3375,646740,,Midfield,
spanien,Spanien,2026-06-03,Player,Dani Olmo,3375,293385,,Attack,
spanien,Spanien,2026-06-03,Player,Yeremy Pino,3375,568157,,Attack,
spanien,Spanien,2026-06-03,Player,Pedro Porro,3375,553875,,Defender,
spanien,Spanien,2026-06-03,Player,Joan Garcia,3375,561613,,Goalkeeper,
spanien,Spanien,2026-06-03,Player,Aymeric Laporte,3375,176553,,Defender,
spanien,Spanien,2026-06-03,Player,Alex Baena,3375,548111,,Midfield,
spanien,Spanien,2026-06-03,Player,Rodri,3375,357565,,Midfield,
spanien,Spanien,2026-06-03,Player,Nico Williams,3375,709187,,Attack,
spanien,Spanien,2026-06-03,Player,Martin Zubimendi,3375,423440,,Midfield,
spanien,Spanien,2026-06-03,Player,Lamine Yamal,3375,937958,,Attack,
spanien,Spanien,2026-06-03,Player,Pedri,3375,683840,,Midfield,
spanien,Spanien,2026-06-03,Player,Mikel Oyarzabal,3375,351478,,Attack,
spanien,Spanien,2026-06-03,Player,Pau Cubarsi,3375,962110,,Defender,
spanien,Spanien,2026-06-03,Player,Unai Simon,3375,262396,,Goalkeeper,
spanien,Spanien,2026-06-03,Player,Marc Cucurella,3375,284857,,Defender,
spanien,Spanien,2026-06-03,Player,Victor Munoz,3375,935231,,Attack,
spanien,Spanien,2026-06-03,Player,Borja Iglesias,3375,278359,,Attack,
sudafrika,Südafrika,2026-06-03,Coach,Hugo Broos,3806,,,Coach,
sudafrika,Südafrika,2026-06-03,Player,Ronwen Williams,3806,175577,,Goalkeeper,
sudafrika,Südafrika,2026-06-03,Player,Thabang Matuludi,3806,1109254,,Defender,
sudafrika,Südafrika,2026-06-03,Player,Khulumani Ndamane,3806,1283140,,Defender,
sudafrika,Südafrika,2026-06-03,Player,Teboho Mokoena,3806,436372,,Midfield,
sudafrika,Südafrika,2026-06-03,Player,Thalente Mbatha,3806,735697,,Midfield,
sudafrika,Südafrika,2026-06-03,Player,Aubrey Modiba,3806,353432,,Defender,
sudafrika,Südafrika,2026-06-03,Player,Oswin Appollis,3806,673381,,Attack,
sudafrika,Südafrika,2026-06-03,Player,Tshepang Moremi,3806,844485,,Attack,
sudafrika,Südafrika,2026-06-03,Player,Lyle Foster,3806,467623,,Attack,
sudafrika,Südafrika,2026-06-03,Player,Relebohile Mofokeng,3806,1125037,,Attack,
sudafrika,Südafrika,2026-06-03,Player,Themba Zwane,3806,,,Midfield,
sudafrika,Südafrika,2026-06-03,Player,Thapelo Maseko,3806,,,Attack,
sudafrika,Südafrika,2026-06-03,Player,Sphephelo Sithole,3806,,,Midfield,
sudafrika,Südafrika,2026-06-03,Player,Mbekezeli Mbokazi,3806,1378320,,Defender,
sudafrika,Südafrika,2026-06-03,Player,Iqraam Rayners,3806,337884,,Attack,
sudafrika,Südafrika,2026-06-03,Player,Sipho Chaine,3806,453370,,Goalkeeper,
sudafrika,Südafrika,2026-06-03,Player,Evidence Makgopa,3806,746781,,Attack,
sudafrika,Südafrika,2026-06-03,Player,Samukelo Kabini,3806,1175086,,Defender,
sudafrika,Südafrika,2026-06-03,Player,Nkosinathi Sibisi,3806,399068,,Defender,
sudafrika,Südafrika,2026-06-03,Player,Khuliso Mudau,3806,450806,,Defender,
sudafrika,Südafrika,2026-06-03,Player,Ime Okon,3806,,,Defender,
sudafrika,Südafrika,2026-06-03,Player,Ricardo Goss,3806,258304,,Goalkeeper,
sudafrika,Südafrika,2026-06-03,Player,Jayden Adams,3806,804472,,Midfield,
sudafrika,Südafrika,2026-06-03,Player,Olwethu Makhanya,3806,1069801,,Defender,
sudafrika,Südafrika,2026-06-03,Player,Kamogelo Sebelebele,3806,994370,,Attack,
sudafrika,Südafrika,2026-06-03,Player,Bradley Cross,3806,,,Defender,
sudkorea,Südkorea,2026-06-03,Coach,Myungbo Hong,3589,,,Coach,
sudkorea,Südkorea,2026-06-03,Player,Seung-gyu Kim,3589,92076,,Goalkeeper,
sudkorea,Südkorea,2026-06-03,Player,Han-beom Lee,3589,706963,,Defender,
sudkorea,Südkorea,2026-06-03,Player,Gi-hyuk Lee,3589,763349,,Midfield,
sudkorea,Südkorea,2026-06-03,Player,Min-jae Kim,3589,503482,,Defender,
sudkorea,Südkorea,2026-06-03,Player,Tae-hyeon Kim,3589,645847,,Defender,
sudkorea,Südkorea,2026-06-03,Player,In-beom Hwang,3589,365394,,Midfield,
sudkorea,Südkorea,2026-06-03,Player,Heung-min Son,3589,91845,,Attack,
sudkorea,Südkorea,2026-06-03,Player,Seungho Paik,3589,282689,,Midfield,
sudkorea,Südkorea,2026-06-03,Player,Gue-sung Cho,3589,652537,,Attack,
sudkorea,Südkorea,2026-06-03,Player,Jae-sung Lee,3589,314398,,Midfield,
sudkorea,Südkorea,2026-06-03,Player,Hee-chan Hwang,3589,292246,,Midfield,
sudkorea,Südkorea,2026-06-03,Player,Bum-keun Song,3589,508237,,Goalkeeper,
sudkorea,Südkorea,2026-06-03,Player,Tae-seok Lee,3589,639027,,Defender,
sudkorea,Südkorea,2026-06-03,Player,Wi-je Cho,3589,550978,,Defender,
sudkorea,Südkorea,2026-06-03,Player,Moon-hwan Kim,3589,524592,,Defender,
sudkorea,Südkorea,2026-06-03,Player,Jinseob Park,3589,557469,,Defender,
sudkorea,Südkorea,2026-06-03,Player,Junho Bae,3589,912081,,Midfield,
sudkorea,Südkorea,2026-06-03,Player,Hyeon-gyu Oh,3589,639246,,Attack,
sudkorea,Südkorea,2026-06-03,Player,Kang-in Lee,3589,557149,,Midfield,
sudkorea,Südkorea,2026-06-03,Player,Hyun-jun Yang,3589,853110,,Midfield,
sudkorea,Südkorea,2026-06-03,Player,Hyeon-woo Jo,3589,260171,,Goalkeeper,
sudkorea,Südkorea,2026-06-03,Player,Young-woo Seol,3589,639414,,Defender,
sudkorea,Südkorea,2026-06-03,Player,Jens Castrop,3589,613192,,Defender,
sudkorea,Südkorea,2026-06-03,Player,Jin-gyu Kim,3589,365377,,Midfield,
sudkorea,Südkorea,2026-06-03,Player,Jisung Eom,3589,706968,,Midfield,
sudkorea,Südkorea,2026-06-03,Player,Dong-gyeong Lee,3589,558086,,Midfield,
tschechien,Tschechien,2026-06-03,Coach,Miroslav Koubek,3445,,,Coach,
tschechien,Tschechien,2026-06-03,Player,Matej Kovar,3445,550829,,Goalkeeper,
tschechien,Tschechien,2026-06-03,Player,David Zima,3445,544149,,Defender,
tschechien,Tschechien,2026-06-03,Player,Tomas Holes,3445,216278,,Defender,
tschechien,Tschechien,2026-06-03,Player,Robin Hranac,3445,620217,,Defender,
tschechien,Tschechien,2026-06-03,Player,Vladimir Coufal,3445,157672,,Defender,
tschechien,Tschechien,2026-06-03,Player,Stepan Chaloupek,3445,944827,,Defender,
tschechien,Tschechien,2026-06-03,Player,Ladislav Krejci,3445,345911,,Defender,
tschechien,Tschechien,2026-06-03,Player,Vladimir Darida,3445,179643,,Midfield,
tschechien,Tschechien,2026-06-03,Player,Adam Hlozek,3445,552057,,Attack,
tschechien,Tschechien,2026-06-03,Player,Patrik Schick,3445,242086,,Attack,
tschechien,Tschechien,2026-06-03,Player,Jan Kuchta,3445,334802,,Attack,
tschechien,Tschechien,2026-06-03,Player,Lukas Cerv,3445,611049,,Midfield,
tschechien,Tschechien,2026-06-03,Player,Mojmir Chytil,3445,405855,,Attack,
tschechien,Tschechien,2026-06-03,Player,David Jurasek,3445,500054,,Defender,
tschechien,Tschechien,2026-06-03,Player,Pavel Sulc,3445,500053,,Attack,
tschechien,Tschechien,2026-06-03,Player,Jindrich Stanek,3445,242089,,Goalkeeper,
tschechien,Tschechien,2026-06-03,Player,Lukas Provod,3445,292779,,Midfield,
tschechien,Tschechien,2026-06-03,Player,Michal Sadilek,3445,321204,,Midfield,
tschechien,Tschechien,2026-06-03,Player,Tomas Chory,3445,198614,,Attack,
tschechien,Tschechien,2026-06-03,Player,Jaroslav Zeleny,3445,142219,,Defender,
tschechien,Tschechien,2026-06-03,Player,David Doudera,3445,493758,,Defender,
tschechien,Tschechien,2026-06-03,Player,Tomas Soucek,3445,283628,,Midfield,
tschechien,Tschechien,2026-06-03,Player,Lukas Hornicek,3445,629773,,Goalkeeper,
tschechien,Tschechien,2026-06-03,Player,Alexandr Sojka,3445,826103,,Midfield,
tschechien,Tschechien,2026-06-03,Player,Hugo Sochurek,3445,1206877,,Midfield,
tschechien,Tschechien,2026-06-03,Player,Denis Visinsky,3445,652060,,Attack,
tunesien,Tunesien,2026-06-03,Coach,Sabri Lamouchi,3670,,,Coach,
tunesien,Tunesien,2026-06-03,Player,Mouhib Chamakh,3670,,,Goalkeeper,
tunesien,Tunesien,2026-06-03,Player,Ali Abdi,3670,211474,,Defender,
tunesien,Tunesien,2026-06-03,Player,Montassar Talbi,3670,496706,,Defender,
tunesien,Tunesien,2026-06-03,Player,Omar Rekik,3670,578292,,Defender,
tunesien,Tunesien,2026-06-03,Player,Adem Arous,3670,1071742,,Defender,
tunesien,Tunesien,2026-06-03,Player,Dylan Bronn,3670,450417,,Defender,
tunesien,Tunesien,2026-06-03,Player,Elias Achouri,3670,645589,,Attack,
tunesien,Tunesien,2026-06-03,Player,Elias Saad,3670,526466,,Attack,
tunesien,Tunesien,2026-06-03,Player,Hazem Mastouri,3670,953150,,Attack,
tunesien,Tunesien,2026-06-03,Player,Hannibal Mejbri,3670,607224,,Midfield,
tunesien,Tunesien,2026-06-03,Player,Ismael Gharbi,3670,810096,,Midfield,
tunesien,Tunesien,2026-06-03,Player,Mortadha Ben Ouanes,3670,230921,,Defender,
tunesien,Tunesien,2026-06-03,Player,Rani Khedira,3670,124410,,Midfield,
tunesien,Tunesien,2026-06-03,Player,Khalil Ayari,3670,,,Midfield,
tunesien,Tunesien,2026-06-03,Player,Mohamed Belhadj Mahmoud,3670,673513,,Midfield,
tunesien,Tunesien,2026-06-03,Player,Aymen Dahmen,3670,569433,,Goalkeeper,
tunesien,Tunesien,2026-06-03,Player,Ellyes Skhiri,3670,290587,,Midfield,
tunesien,Tunesien,2026-06-03,Player,Rayan Elloumi,3670,1273985,,Attack,
tunesien,Tunesien,2026-06-03,Player,Firas Chaouat,3670,,,Attack,
tunesien,Tunesien,2026-06-03,Player,Yan Valery,3670,406008,,Defender,
tunesien,Tunesien,2026-06-03,Player,Mohamed Amine Ben Hmida,3670,,,Defender,
tunesien,Tunesien,2026-06-03,Player,Sabri Ben Hessen,3670,295381,,Goalkeeper,
tunesien,Tunesien,2026-06-03,Player,Moutaz Neffati,3670,1034598,,Defender,
tunesien,Tunesien,2026-06-03,Player,Raed Chikhaoui,3670,,,Defender,
tunesien,Tunesien,2026-06-03,Player,Anis Slimane,3670,546712,,Midfield,
tunesien,Tunesien,2026-06-03,Player,Sebastian Tounekti,3670,539677,,Midfield,
turkei,Türkei,2026-06-03,Coach,Vincenzo Montella,3381,,,Coach,
turkei,Türkei,2026-06-03,Player,Mert Gunok,3381,51894,,Goalkeeper,
turkei,Türkei,2026-06-03,Player,Zeki Celik,3381,251075,,Defender,
turkei,Türkei,2026-06-03,Player,Merih Demiral,3381,340879,,Defender,
turkei,Türkei,2026-06-03,Player,Caglar Soyuncu,3381,320141,,Defender,
turkei,Türkei,2026-06-03,Player,Salih Ozcan,3381,244940,,Midfield,
turkei,Türkei,2026-06-03,Player,Orkun Kokcu,3381,454567,,Midfield,
turkei,Türkei,2026-06-03,Player,Kerem Akturkoglu,3381,382528,,Attack,
turkei,Türkei,2026-06-03,Player,Arda Guler,3381,861410,,Attack,
turkei,Türkei,2026-06-03,Player,Deniz Gul,3381,1063292,,Attack,
turkei,Türkei,2026-06-03,Player,Hakan Calhanoglu,3381,126414,,Midfield,
turkei,Türkei,2026-06-03,Player,Kenan Yildiz,3381,845654,,Attack,
turkei,Türkei,2026-06-03,Player,Altay Bayindir,3381,336077,,Goalkeeper,
turkei,Türkei,2026-06-03,Player,Eren Elmali,3381,616894,,Defender,
turkei,Türkei,2026-06-03,Player,Abdulkerim Bardakci,3381,199316,,Defender,
turkei,Türkei,2026-06-03,Player,Ozan Kabak,3381,361260,,Defender,
turkei,Türkei,2026-06-03,Player,Ismail Yuksek,3381,613725,,Midfield,
turkei,Türkei,2026-06-03,Player,Can Kahveci Irfan,3381,216603,,Attack,
turkei,Türkei,2026-06-03,Player,Mert Muldur,3381,353922,,Defender,
turkei,Türkei,2026-06-03,Player,Yunus Akgun,3381,396908,,Attack,
turkei,Türkei,2026-06-03,Player,Ferdi Kadioglu,3381,369316,,Defender,
turkei,Türkei,2026-06-03,Player,Alper Yilmaz Baris,3381,541537,,Attack,
turkei,Türkei,2026-06-03,Player,Kaan Ayhan,3381,119031,,Midfield,
turkei,Türkei,2026-06-03,Player,Ugurcan Cakir,3381,292199,,Goalkeeper,
turkei,Türkei,2026-06-03,Player,Oguz Aydin,3381,563749,,Attack,
turkei,Türkei,2026-06-03,Player,Samet Akaydin,3381,295024,,Defender,
turkei,Türkei,2026-06-03,Player,Can Uzun,3381,816585,,Attack,
uruguay,Uruguay,2026-06-03,Coach,Marcelo Bielsa,3449,,,Coach,
uruguay,Uruguay,2026-06-03,Player,Sergio Rochet,3449,264014,,Goalkeeper,
uruguay,Uruguay,2026-06-03,Player,Jose Maria Gimenez,3449,250845,,Defender,
uruguay,Uruguay,2026-06-03,Player,Sebastian Caceres,3449,532389,,Defender,
uruguay,Uruguay,2026-06-03,Player,Ronald Araujo,3449,480267,,Defender,
uruguay,Uruguay,2026-06-03,Player,Manuel Ugarte,3449,476701,,Midfield,
uruguay,Uruguay,2026-06-03,Player,Rodrigo Bentancur,3449,354362,,Midfield,
uruguay,Uruguay,2026-06-03,Player,Nicolas De La Cruz,3449,397458,,Midfield,
uruguay,Uruguay,2026-06-03,Player,Federico Valverde,3449,369081,,Midfield,
uruguay,Uruguay,2026-06-03,Player,Darwin Nunez,3449,546543,,Attack,
uruguay,Uruguay,2026-06-03,Player,Giorgian De Arrascaeta,3449,248410,,Midfield,
uruguay,Uruguay,2026-06-03,Player,Facundo Pellistri,3449,676318,,Attack,
uruguay,Uruguay,2026-06-03,Player,Santiago Mele,3449,320739,,Goalkeeper,
uruguay,Uruguay,2026-06-03,Player,Guillermo Varela,3449,188862,,Defender,
uruguay,Uruguay,2026-06-03,Player,Agustin Canobbio,3449,457533,,Midfield,
uruguay,Uruguay,2026-06-03,Player,Emiliano Martinez,3449,707447,,Midfield,
uruguay,Uruguay,2026-06-03,Player,Mathias Olivera,3449,376514,,Defender,
uruguay,Uruguay,2026-06-03,Player,Matias Vina,3449,439072,,Defender,
uruguay,Uruguay,2026-06-03,Player,Brian Rodriguez,3449,465818,,Attack,
uruguay,Uruguay,2026-06-03,Player,Rodrigo Aguirre,3449,189410,,Attack,
uruguay,Uruguay,2026-06-03,Player,Maxi Araujo,3449,572675,,Midfield,
uruguay,Uruguay,2026-06-03,Player,Federico Vinas,3449,578419,,Attack,
uruguay,Uruguay,2026-06-03,Player,Joaquin Piquerez,3449,496268,,Midfield,
uruguay,Uruguay,2026-06-03,Player,Fernando Muslera,3449,58088,,Goalkeeper,
uruguay,Uruguay,2026-06-03,Player,Santiago Bueno,3449,438001,,Defender,
uruguay,Uruguay,2026-06-03,Player,Juan Manuel Sanabria,3449,446106,,Midfield,
uruguay,Uruguay,2026-06-03,Player,Rodrigo Zalazar,3449,606752,,Midfield,
usa,USA,2026-06-03,Coach,Mauricio Pochettino,3505,,,Coach,
usa,USA,2026-06-03,Player,Matt Turner,3505,425306,,Goalkeeper,
usa,USA,2026-06-03,Player,Sergino Dest,3505,361104,,Defender,
usa,USA,2026-06-03,Player,Chris Richards,3505,578539,,Defender,
usa,USA,2026-06-03,Player,Tyler Adams,3505,332705,,Midfield,
usa,USA,2026-06-03,Player,Antonee Robinson,3505,349701,,Defender,
usa,USA,2026-06-03,Player,Auston Trusty,3505,389253,,Defender,
usa,USA,2026-06-03,Player,Giovanni Reyna,3505,504215,,Midfield,
usa,USA,2026-06-03,Player,Weston McKennie,3505,332697,,Midfield,
usa,USA,2026-06-03,Player,Ricardo Pepi,3505,627207,,Attack,
usa,USA,2026-06-03,Player,Christian Pulisic,3505,315779,,Attack,
usa,USA,2026-06-03,Player,Brenden Aaronson,3505,393323,,Attack,
usa,USA,2026-06-03,Player,Miles Robinson,3505,468022,,Defender,
usa,USA,2026-06-03,Player,Tim Ream,3505,145466,,Defender,
usa,USA,2026-06-03,Player,Sebastian Berhalter,3505,734761,,Midfield,
usa,USA,2026-06-03,Player,Cristian Roldan,3505,354792,,Midfield,
usa,USA,2026-06-03,Player,Alex Freeman,3505,985806,,Defender,
usa,USA,2026-06-03,Player,Malik Tillman,3505,467437,,Midfield,
usa,USA,2026-06-03,Player,Max Arfsten,3505,993063,,Defender,
usa,USA,2026-06-03,Player,Haji Wright,3505,315291,,Attack,
usa,USA,2026-06-03,Player,Folarin Balogun,3505,503770,,Attack,
usa,USA,2026-06-03,Player,Timothy Weah,3505,370846,,Attack,
usa,USA,2026-06-03,Player,Mark McKenzie,3505,429259,,Defender,
usa,USA,2026-06-03,Player,Joe Scally,3505,504153,,Defender,
usa,USA,2026-06-03,Player,Matt Freese,3505,500309,,Goalkeeper,
usa,USA,2026-06-03,Player,Chris Brady,3505,765504,,Goalkeeper,
usa,USA,2026-06-03,Player,Alex Zendejas,3505,351505,,Attack,
usbekistan,Usbekistan,2026-06-03,Coach,Fabio Cannavaro,3563,,,Coach,
usbekistan,Usbekistan,2026-06-03,Player,Utkir Yusupov,3563,311958,,Goalkeeper,
usbekistan,Usbekistan,2026-06-03,Player,Abdukodir Khusanov,3563,763079,,Defender,
usbekistan,Usbekistan,2026-06-03,Player,Khojiakbar Alijonov,3563,,,Defender,
usbekistan,Usbekistan,2026-06-03,Player,Farrukh Sayfiev,3563,212499,,Defender,
usbekistan,Usbekistan,2026-06-03,Player,Rustam Ashurmatov,3563,288883,,Defender,
usbekistan,Usbekistan,2026-06-03,Player,Akmal Mozgovoy,3563,562022,,Midfield,
usbekistan,Usbekistan,2026-06-03,Player,Otabek Shukurov,3563,294525,,Midfield,
usbekistan,Usbekistan,2026-06-03,Player,Jamshid Iskanderov,3563,260857,,Midfield,
usbekistan,Usbekistan,2026-06-03,Player,Odiljon Xamrobekov,3563,288915,,Midfield,
usbekistan,Usbekistan,2026-06-03,Player,Jaloliddin Masharipov,3563,274536,,Midfield,
usbekistan,Usbekistan,2026-06-03,Player,Oston Urunov,3563,492556,,Midfield,
usbekistan,Usbekistan,2026-06-03,Player,Abduvohid Nematov,3563,527866,,Goalkeeper,
usbekistan,Usbekistan,2026-06-03,Player,Sherzod Nasrullaev,3563,608537,,Defender,
usbekistan,Usbekistan,2026-06-03,Player,Eldor Shomurodov,3563,358166,,Attack,
usbekistan,Usbekistan,2026-06-03,Player,Umar Eshmurodov,3563,493725,,Defender,
usbekistan,Usbekistan,2026-06-03,Player,Botirali Ergashev,3563,312690,,Goalkeeper,
usbekistan,Usbekistan,2026-06-03,Player,Dostonbek Khamdamov,3563,294502,,Midfield,
usbekistan,Usbekistan,2026-06-03,Player,Abdulla Abdullaev,3563,570272,,Defender,
usbekistan,Usbekistan,2026-06-03,Player,Aziz Ganiev,3563,431911,,Midfield,
usbekistan,Usbekistan,2026-06-03,Player,Azizbek Amonov,3563,,,Attack,
usbekistan,Usbekistan,2026-06-03,Player,Igor Sergeev,3563,185372,,Attack,
usbekistan,Usbekistan,2026-06-03,Player,Abbosbek Fayzullaev,3563,754037,,Midfield,
usbekistan,Usbekistan,2026-06-03,Player,Sherzod Esanov,3563,989068,,Midfield,
usbekistan,Usbekistan,2026-06-03,Player,Behruzjon Karimov,3563,,,Defender,
usbekistan,Usbekistan,2026-06-03,Player,Avazbek Ulmasaliyev,3563,538764,,Defender,
usbekistan,Usbekistan,2026-06-03,Player,Jakhongir Urozov,3563,989069,,Defender,
